{"@timestamp":"2026-09-07T16:35:33.067966968+05:30","level":"INFO","logger_name":"com.npst.observability.Main","thread_name":"main","message":"Starting Main using Java 21.0.12 with PID 2382257 (/home/priyansh-borkar/Desktop/bank-observability-platform/audit-service/target/classes started by priyansh-borkar in /home/priyansh-borkar/Desktop/bank-observability-platform)"}
{"@timestamp":"2026-09-07T16:35:33.080769981+05:30","level":"INFO","logger_name":"com.npst.observability.Main","thread_name":"main","message":"No active profile set, falling back to 1 default profile: \"default\""}
{"@timestamp":"2026-09-07T16:35:34.171474994+05:30","level":"INFO","logger_name":"org.springframework.boot.web.embedded.tomcat.TomcatWebServer","thread_name":"main","message":"Tomcat initialized with port 8081 (http)"}
{"@timestamp":"2026-09-07T16:35:34.184709099+05:30","level":"INFO","logger_name":"org.apache.coyote.http11.Http11NioProtocol","thread_name":"main","message":"Initializing ProtocolHandler [\"http-nio-8081\"]"}
{"@timestamp":"2026-09-07T16:35:34.186968792+05:30","level":"INFO","logger_name":"org.apache.catalina.core.StandardService","thread_name":"main","message":"Starting service [Tomcat]"}
{"@timestamp":"2026-09-07T16:35:34.187335274+05:30","level":"INFO","logger_name":"org.apache.catalina.core.StandardEngine","thread_name":"main","message":"Starting Servlet engine: [Apache Tomcat/10.1.46]"}
{"@timestamp":"2026-09-07T16:35:34.220013311+05:30","level":"INFO","logger_name":"org.apache.catalina.core.ContainerBase.[Tomcat].[localhost].[/]","thread_name":"main","message":"Initializing Spring embedded WebApplicationContext"}
{"@timestamp":"2026-09-07T16:35:34.220792034+05:30","level":"INFO","logger_name":"org.springframework.boot.web.servlet.context.ServletWebServerApplicationContext","thread_name":"main","message":"Root WebApplicationContext: initialization completed in 1083 ms"}
{"@timestamp":"2026-09-07T16:35:34.651869943+05:30","level":"INFO","logger_name":"org.springframework.boot.actuate.endpoint.web.EndpointLinksResolver","thread_name":"main","message":"Exposing 3 endpoints beneath base path '/actuator'"}
{"@timestamp":"2026-09-07T16:35:34.680154585+05:30","level":"INFO","logger_name":"org.apache.coyote.http11.Http11NioProtocol","thread_name":"main","message":"Starting ProtocolHandler [\"http-nio-8081\"]"}
{"@timestamp":"2026-09-07T16:35:34.689093883+05:30","level":"INFO","logger_name":"org.springframework.boot.web.embedded.tomcat.TomcatWebServer","thread_name":"main","message":"Tomcat started on port 8081 (http) with context path '/'"}
{"@timestamp":"2026-09-07T16:35:34.69956709+05:30","level":"INFO","logger_name":"com.npst.observability.Main","thread_name":"main","message":"Started Main in 2.377 seconds (process running for 2.677)"}
{"@timestamp":"2026-09-07T16:35:55.512518614+05:30","level":"INFO","logger_name":"com.npst.observability.Main","thread_name":"main","message":"Starting Main using Java 21.0.12 with PID 2385129 (/home/priyansh-borkar/Desktop/bank-observability-platform/sample-bank-app/target/classes started by priyansh-borkar in /home/priyansh-borkar/Desktop/bank-observability-platform)"}
{"@timestamp":"2026-09-07T16:35:55.523226151+05:30","level":"INFO","logger_name":"com.npst.observability.Main","thread_name":"main","message":"No active profile set, falling back to 1 default profile: \"default\""}
{"@timestamp":"2026-09-07T16:35:56.41227604+05:30","level":"INFO","logger_name":"org.springframework.boot.web.embedded.tomcat.TomcatWebServer","thread_name":"main","message":"Tomcat initialized with port 8080 (http)"}
{"@timestamp":"2026-09-07T16:35:56.421540496+05:30","level":"INFO","logger_name":"org.apache.coyote.http11.Http11NioProtocol","thread_name":"main","message":"Initializing ProtocolHandler [\"http-nio-8080\"]"}
{"@timestamp":"2026-09-07T16:35:56.422900343+05:30","level":"INFO","logger_name":"org.apache.catalina.core.StandardService","thread_name":"main","message":"Starting service [Tomcat]"}
{"@timestamp":"2026-09-07T16:35:56.423097733+05:30","level":"INFO","logger_name":"org.apache.catalina.core.StandardEngine","thread_name":"main","message":"Starting Servlet engine: [Apache Tomcat/10.1.46]"}
{"@timestamp":"2026-09-07T16:35:56.453145946+05:30","level":"INFO","logger_name":"org.apache.catalina.core.ContainerBase.[Tomcat].[localhost].[/]","thread_name":"main","message":"Initializing Spring embedded WebApplicationContext"}
{"@timestamp":"2026-09-07T16:35:56.453993516+05:30","level":"INFO","logger_name":"org.springframework.boot.web.servlet.context.ServletWebServerApplicationContext","thread_name":"main","message":"Root WebApplicationContext: initialization completed in 873 ms"}
{"@timestamp":"2026-09-07T16:35:56.876756645+05:30","level":"INFO","logger_name":"org.springframework.boot.actuate.endpoint.web.EndpointLinksResolver","thread_name":"main","message":"Exposing 4 endpoints beneath base path '/actuator'"}
{"@timestamp":"2026-09-07T16:35:56.90798745+05:30","level":"INFO","logger_name":"org.apache.coyote.http11.Http11NioProtocol","thread_name":"main","message":"Starting ProtocolHandler [\"http-nio-8080\"]"}
{"@timestamp":"2026-09-07T16:35:56.917296532+05:30","level":"INFO","logger_name":"org.springframework.boot.web.embedded.tomcat.TomcatWebServer","thread_name":"main","message":"Tomcat started on port 8080 (http) with context path '/'"}
{"@timestamp":"2026-09-07T16:35:56.927332629+05:30","level":"INFO","logger_name":"com.npst.observability.Main","thread_name":"main","message":"Started Main in 1.962 seconds (process running for 2.229)"}
{"@timestamp":"2026-09-07T16:36:38.388769577+05:30","level":"INFO","logger_name":"org.apache.catalina.core.ContainerBase.[Tomcat].[localhost].[/]","thread_name":"http-nio-8080-exec-1","message":"Initializing Spring DispatcherServlet 'dispatcherServlet'"}
{"@timestamp":"2026-09-07T16:36:38.389140553+05:30","level":"INFO","logger_name":"org.springframework.web.servlet.DispatcherServlet","thread_name":"http-nio-8080-exec-1","message":"Initializing Servlet 'dispatcherServlet'"}
{"@timestamp":"2026-09-07T16:36:38.390033085+05:30","level":"INFO","logger_name":"org.springframework.web.servlet.DispatcherServlet","thread_name":"http-nio-8080-exec-1","message":"Completed initialization in 0 ms"}
{"@timestamp":"2026-09-07T16:36:38.401947522+05:30","level":"INFO","logger_name":"com.npst.observability.interceptor.LoggingInterceptor","thread_name":"http-nio-8080-exec-1","message":"Request Started : method=GET uri = /api/v1/hello traceId=a2a5c5e5-c484-432c-a7e8-80c0b19ca185","traceId":"a2a5c5e5-c484-432c-a7e8-80c0b19ca185"}
{"@timestamp":"2026-09-07T16:36:38.408212219+05:30","level":"INFO","logger_name":"com.npst.observability.controller.HelloController","thread_name":"http-nio-8080-exec-1","message":"HELLO_API_CALLED","traceId":"a2a5c5e5-c484-432c-a7e8-80c0b19ca185"}
{"@timestamp":"2026-09-07T16:36:38.47972595+05:30","level":"INFO","logger_name":"org.apache.catalina.core.ContainerBase.[Tomcat].[localhost].[/]","thread_name":"http-nio-8081-exec-1","message":"Initializing Spring DispatcherServlet 'dispatcherServlet'"}
{"@timestamp":"2026-09-07T16:36:38.480142481+05:30","level":"INFO","logger_name":"org.springframework.web.servlet.DispatcherServlet","thread_name":"http-nio-8081-exec-1","message":"Initializing Servlet 'dispatcherServlet'"}
{"@timestamp":"2026-09-07T16:36:38.480970736+05:30","level":"INFO","logger_name":"org.springframework.web.servlet.DispatcherServlet","thread_name":"http-nio-8081-exec-1","message":"Completed initialization in 0 ms"}
{"@timestamp":"2026-09-07T16:36:38.490805945+05:30","level":"INFO","logger_name":"com.npst.observability.interceptor.LoggingInterceptor","thread_name":"http-nio-8081-exec-1","message":"Request Started : method=POST uri = /api/v1/audit traceId=a2a5c5e5-c484-432c-a7e8-80c0b19ca185","traceId":"a2a5c5e5-c484-432c-a7e8-80c0b19ca185"}
{"@timestamp":"2026-09-07T16:36:38.526598929+05:30","level":"INFO","logger_name":"com.npst.observability.controller.AuditController","thread_name":"http-nio-8081-exec-1","message":"AUDIT_EVENT_RECEIVED","traceId":"a2a5c5e5-c484-432c-a7e8-80c0b19ca185"}
{"@timestamp":"2026-09-07T16:36:38.526804275+05:30","level":"INFO","logger_name":"com.npst.observability.controller.AuditController","thread_name":"http-nio-8081-exec-1","message":"traceId=a2a5c5e5-c484-432c-a7e8-80c0b19ca185","traceId":"a2a5c5e5-c484-432c-a7e8-80c0b19ca185"}
{"@timestamp":"2026-09-07T16:36:38.526874865+05:30","level":"INFO","logger_name":"com.npst.observability.controller.AuditController","thread_name":"http-nio-8081-exec-1","message":"method=GET uri=/api/v1/hello status=200 duration=0ms","traceId":"a2a5c5e5-c484-432c-a7e8-80c0b19ca185"}
{"@timestamp":"2026-09-07T16:36:38.54448233+05:30","level":"INFO","logger_name":"com.npst.observability.interceptor.LoggingInterceptor","thread_name":"http-nio-8080-exec-1","message":"Request Completed : status=200 duration=143ms traceId=a2a5c5e5-c484-432c-a7e8-80c0b19ca185","traceId":"a2a5c5e5-c484-432c-a7e8-80c0b19ca185"}
{"@timestamp":"2026-09-07T16:36:38.552781285+05:30","level":"INFO","logger_name":"com.npst.observability.interceptor.LoggingInterceptor","thread_name":"http-nio-8081-exec-2","message":"Request Started : method=POST uri = /api/v1/audit traceId=a2a5c5e5-c484-432c-a7e8-80c0b19ca185","traceId":"a2a5c5e5-c484-432c-a7e8-80c0b19ca185"}
{"@timestamp":"2026-09-07T16:36:38.553966184+05:30","level":"INFO","logger_name":"com.npst.observability.controller.AuditController","thread_name":"http-nio-8081-exec-2","message":"AUDIT_EVENT_RECEIVED","traceId":"a2a5c5e5-c484-432c-a7e8-80c0b19ca185"}
{"@timestamp":"2026-09-07T16:36:38.554212948+05:30","level":"INFO","logger_name":"com.npst.observability.controller.AuditController","thread_name":"http-nio-8081-exec-2","message":"traceId=a2a5c5e5-c484-432c-a7e8-80c0b19ca185","traceId":"a2a5c5e5-c484-432c-a7e8-80c0b19ca185"}
{"@timestamp":"2026-09-07T16:36:38.554297362+05:30","level":"INFO","logger_name":"com.npst.observability.controller.AuditController","thread_name":"http-nio-8081-exec-2","message":"method=GET uri=/api/v1/hello status=200 duration=143ms","traceId":"a2a5c5e5-c484-432c-a7e8-80c0b19ca185"}
{"@timestamp":"2026-09-07T16:37:43.9705342+05:30","level":"INFO","logger_name":"com.npst.observability.interceptor.LoggingInterceptor","thread_name":"http-nio-8080-exec-4","message":"Request Started : method=GET uri = /api/v1/hello traceId=1bae3481-c368-47b0-918d-c32548f93d65","traceId":"1bae3481-c368-47b0-918d-c32548f93d65"}
{"@timestamp":"2026-09-07T16:37:43.971143129+05:30","level":"INFO","logger_name":"com.npst.observability.controller.HelloController","thread_name":"http-nio-8080-exec-4","message":"HELLO_API_CALLED","traceId":"1bae3481-c368-47b0-918d-c32548f93d65"}
{"@timestamp":"2026-09-07T16:37:43.97450258+05:30","level":"INFO","logger_name":"com.npst.observability.interceptor.LoggingInterceptor","thread_name":"http-nio-8081-exec-4","message":"Request Started : method=POST uri = /api/v1/audit traceId=1bae3481-c368-47b0-918d-c32548f93d65","traceId":"1bae3481-c368-47b0-918d-c32548f93d65"}
{"@timestamp":"2026-09-07T16:37:43.975401744+05:30","level":"INFO","logger_name":"com.npst.observability.controller.AuditController","thread_name":"http-nio-8081-exec-4","message":"AUDIT_EVENT_RECEIVED","traceId":"1bae3481-c368-47b0-918d-c32548f93d65"}
{"@timestamp":"2026-09-07T16:37:43.975490735+05:30","level":"INFO","logger_name":"com.npst.observability.controller.AuditController","thread_name":"http-nio-8081-exec-4","message":"traceId=1bae3481-c368-47b0-918d-c32548f93d65","traceId":"1bae3481-c368-47b0-918d-c32548f93d65"}
{"@timestamp":"2026-09-07T16:37:43.975534263+05:30","level":"INFO","logger_name":"com.npst.observability.controller.AuditController","thread_name":"http-nio-8081-exec-4","message":"method=GET uri=/api/v1/hello status=200 duration=0ms","traceId":"1bae3481-c368-47b0-918d-c32548f93d65"}
{"@timestamp":"2026-09-07T16:37:43.978404158+05:30","level":"INFO","logger_name":"com.npst.observability.interceptor.LoggingInterceptor","thread_name":"http-nio-8080-exec-4","message":"Request Completed : status=200 duration=8ms traceId=1bae3481-c368-47b0-918d-c32548f93d65","traceId":"1bae3481-c368-47b0-918d-c32548f93d65"}
{"@timestamp":"2026-09-07T16:37:43.983216258+05:30","level":"INFO","logger_name":"com.npst.observability.interceptor.LoggingInterceptor","thread_name":"http-nio-8081-exec-5","message":"Request Started : method=POST uri = /api/v1/audit traceId=1bae3481-c368-47b0-918d-c32548f93d65","traceId":"1bae3481-c368-47b0-918d-c32548f93d65"}
{"@timestamp":"2026-09-07T16:37:43.984634831+05:30","level":"INFO","logger_name":"com.npst.observability.controller.AuditController","thread_name":"http-nio-8081-exec-5","message":"AUDIT_EVENT_RECEIVED","traceId":"1bae3481-c368-47b0-918d-c32548f93d65"}
{"@timestamp":"2026-09-07T16:37:43.984903989+05:30","level":"INFO","logger_name":"com.npst.observability.controller.AuditController","thread_name":"http-nio-8081-exec-5","message":"traceId=1bae3481-c368-47b0-918d-c32548f93d65","traceId":"1bae3481-c368-47b0-918d-c32548f93d65"}
{"@timestamp":"2026-09-07T16:37:43.984983564+05:30","level":"INFO","logger_name":"com.npst.observability.controller.AuditController","thread_name":"http-nio-8081-exec-5","message":"method=GET uri=/api/v1/hello status=200 duration=8ms","traceId":"1bae3481-c368-47b0-918d-c32548f93d65"}
{"@timestamp":"2026-09-07T16:37:44.849522413+05:30","level":"INFO","logger_name":"com.npst.observability.interceptor.LoggingInterceptor","thread_name":"http-nio-8080-exec-5","message":"Request Started : method=GET uri = /api/v1/hello traceId=f12a1afb-d75a-4eaa-a022-b98fa1eceb09","traceId":"f12a1afb-d75a-4eaa-a022-b98fa1eceb09"}
{"@timestamp":"2026-09-07T16:37:44.850120062+05:30","level":"INFO","logger_name":"com.npst.observability.controller.HelloController","thread_name":"http-nio-8080-exec-5","message":"HELLO_API_CALLED","traceId":"f12a1afb-d75a-4eaa-a022-b98fa1eceb09"}
{"@timestamp":"2026-09-07T16:37:44.854544643+05:30","level":"INFO","logger_name":"com.npst.observability.interceptor.LoggingInterceptor","thread_name":"http-nio-8081-exec-6","message":"Request Started : method=POST uri = /api/v1/audit traceId=f12a1afb-d75a-4eaa-a022-b98fa1eceb09","traceId":"f12a1afb-d75a-4eaa-a022-b98fa1eceb09"}
{"@timestamp":"2026-09-07T16:37:44.855956694+05:30","level":"INFO","logger_name":"com.npst.observability.controller.AuditController","thread_name":"http-nio-8081-exec-6","message":"AUDIT_EVENT_RECEIVED","traceId":"f12a1afb-d75a-4eaa-a022-b98fa1eceb09"}
{"@timestamp":"2026-09-07T16:37:44.856269325+05:30","level":"INFO","logger_name":"com.npst.observability.controller.AuditController","thread_name":"http-nio-8081-exec-6","message":"traceId=f12a1afb-d75a-4eaa-a022-b98fa1eceb09","traceId":"f12a1afb-d75a-4eaa-a022-b98fa1eceb09"}
{"@timestamp":"2026-09-07T16:37:44.856408226+05:30","level":"INFO","logger_name":"com.npst.observability.controller.AuditController","thread_name":"http-nio-8081-exec-6","message":"method=GET uri=/api/v1/hello status=200 duration=0ms","traceId":"f12a1afb-d75a-4eaa-a022-b98fa1eceb09"}
{"@timestamp":"2026-09-07T16:37:44.859631626+05:30","level":"INFO","logger_name":"com.npst.observability.interceptor.LoggingInterceptor","thread_name":"http-nio-8080-exec-5","message":"Request Completed : status=200 duration=10ms traceId=f12a1afb-d75a-4eaa-a022-b98fa1eceb09","traceId":"f12a1afb-d75a-4eaa-a022-b98fa1eceb09"}
{"@timestamp":"2026-09-07T16:37:44.864672412+05:30","level":"INFO","logger_name":"com.npst.observability.interceptor.LoggingInterceptor","thread_name":"http-nio-8081-exec-7","message":"Request Started : method=POST uri = /api/v1/audit traceId=f12a1afb-d75a-4eaa-a022-b98fa1eceb09","traceId":"f12a1afb-d75a-4eaa-a022-b98fa1eceb09"}
{"@timestamp":"2026-09-07T16:37:44.866159126+05:30","level":"INFO","logger_name":"com.npst.observability.controller.AuditController","thread_name":"http-nio-8081-exec-7","message":"AUDIT_EVENT_RECEIVED","traceId":"f12a1afb-d75a-4eaa-a022-b98fa1eceb09"}
{"@timestamp":"2026-09-07T16:37:44.866485759+05:30","level":"INFO","logger_name":"com.npst.observability.controller.AuditController","thread_name":"http-nio-8081-exec-7","message":"traceId=f12a1afb-d75a-4eaa-a022-b98fa1eceb09","traceId":"f12a1afb-d75a-4eaa-a022-b98fa1eceb09"}
{"@timestamp":"2026-09-07T16:37:44.866628893+05:30","level":"INFO","logger_name":"com.npst.observability.controller.AuditController","thread_name":"http-nio-8081-exec-7","message":"method=GET uri=/api/v1/hello status=200 duration=10ms","traceId":"f12a1afb-d75a-4eaa-a022-b98fa1eceb09"}
{"@timestamp":"2026-09-07T16:38:06.885350609+05:30","level":"INFO","logger_name":"com.npst.observability.interceptor.LoggingInterceptor","thread_name":"http-nio-8080-exec-6","message":"Request Started : method=GET uri = /api/v1/hello traceId=7b7c2c0e-74e2-4709-ba1b-05fc3fd52948","traceId":"7b7c2c0e-74e2-4709-ba1b-05fc3fd52948"}
{"@timestamp":"2026-09-07T16:38:06.88587894+05:30","level":"INFO","logger_name":"com.npst.observability.controller.HelloController","thread_name":"http-nio-8080-exec-6","message":"HELLO_API_CALLED","traceId":"7b7c2c0e-74e2-4709-ba1b-05fc3fd52948"}
{"@timestamp":"2026-09-07T16:38:06.889910071+05:30","level":"INFO","logger_name":"com.npst.observability.interceptor.LoggingInterceptor","thread_name":"http-nio-8081-exec-8","message":"Request Started : method=POST uri = /api/v1/audit traceId=7b7c2c0e-74e2-4709-ba1b-05fc3fd52948","traceId":"7b7c2c0e-74e2-4709-ba1b-05fc3fd52948"}
{"@timestamp":"2026-09-07T16:38:06.891267384+05:30","level":"INFO","logger_name":"com.npst.observability.controller.AuditController","thread_name":"http-nio-8081-exec-8","message":"AUDIT_EVENT_RECEIVED","traceId":"7b7c2c0e-74e2-4709-ba1b-05fc3fd52948"}
{"@timestamp":"2026-09-07T16:38:06.89149065+05:30","level":"INFO","logger_name":"com.npst.observability.controller.AuditController","thread_name":"http-nio-8081-exec-8","message":"traceId=7b7c2c0e-74e2-4709-ba1b-05fc3fd52948"}
{"@timestamp":"2026-09-07T16:38:06.89157504+05:30","level":"INFO","logger_name":"com.npst.observability.controller.AuditController","thread_name":"http-nio-8081-exec-8","message":"method=GET uri=/api/v1/hello status=200 duration=0ms","traceId":"7b7c2c0e-74e2-4709-ba1b-05fc3fd52948"}
{"@timestamp":"2026-09-07T16:38:06.894266197+05:30","level":"INFO","logger_name":"com.npst.observability.interceptor.LoggingInterceptor","thread_name":"http-nio-8080-exec-6","message":"Request Completed : status=200 duration=9ms traceId=7b7c2c0e-74e2-4709-ba1b-05fc3fd52948","traceId":"7b7c2c0e-74e2-4709-ba1b-05fc3fd52948"}
{"@timestamp":"2026-09-07T16:38:06.898789234+05:30","level":"INFO","logger_name":"com.npst.observability.interceptor.LoggingInterceptor","thread_name":"http-nio-8081-exec-9","message":"Request Started : method=POST uri = /api/v1/audit traceId=7b7c2c0e-74e2-4709-ba1b-05fc3fd52948","traceId":"7b7c2c0e-74e2-4709-ba1b-05fc3fd52948"}
{"@timestamp":"2026-09-07T16:38:06.900134818+05:30","level":"INFO","logger_name":"com.npst.observability.controller.AuditController","thread_name":"http-nio-8081-exec-9","message":"AUDIT_EVENT_RECEIVED","traceId":"7b7c2c0e-74e2-4709-ba1b-05fc3fd52948"}
{"@timestamp":"2026-09-07T16:38:06.900401376+05:30","level":"INFO","logger_name":"com.npst.observability.controller.AuditController","thread_name":"http-nio-8081-exec-9","message":"traceId=7b7c2c0e-74e2-4709-ba1b-05fc3fd52948","traceId":"7b7c2c0e-74e2-4709-ba1b-05fc3fd52948"}
{"@timestamp":"2026-09-07T16:38:06.900507255+05:30","level":"INFO","logger_name":"com.npst.observability.controller.AuditController","thread_name":"http-nio-8081-exec-9","message":"method=GET uri=/api/v1/hello status=200 duration=9ms","traceId":"7b7c2c0e-74e2-4709-ba1b-05fc3fd52948"}
{"@timestamp":"2026-09-07T16:40:17.294899252+05:30","level":"INFO","logger_name":"org.springframework.boot.web.embedded.tomcat.GracefulShutdown","thread_name":"SpringApplicationShutdownHook","message":"Commencing graceful shutdown. Waiting for active requests to complete"}
{"@timestamp":"2026-09-07T16:40:17.297010993+05:30","level":"INFO","logger_name":"org.springframework.boot.web.embedded.tomcat.GracefulShutdown","thread_name":"tomcat-shutdown","message":"Graceful shutdown complete"}
{"@timestamp":"2026-09-07T16:40:17.300562249+05:30","level":"INFO","logger_name":"org.springframework.boot.web.embedded.tomcat.GracefulShutdown","thread_name":"SpringApplicationShutdownHook","message":"Commencing graceful shutdown. Waiting for active requests to complete"}
{"@timestamp":"2026-09-07T16:40:17.303332743+05:30","level":"INFO","logger_name":"org.springframework.boot.web.embedded.tomcat.GracefulShutdown","thread_name":"tomcat-shutdown","message":"Graceful shutdown complete"}
{"@timestamp":"2026-09-07T16:43:32.306682325+05:30","level":"INFO","logger_name":"com.npst.observability.Main","thread_name":"main","message":"Starting Main using Java 21.0.12 with PID 2444205 (/home/priyansh-borkar/Desktop/bank-observability-platform/audit-service/target/classes started by priyansh-borkar in /home/priyansh-borkar/Desktop/bank-observability-platform)"}
{"@timestamp":"2026-09-07T16:43:32.318300846+05:30","level":"INFO","logger_name":"com.npst.observability.Main","thread_name":"main","message":"No active profile set, falling back to 1 default profile: \"default\""}
{"@timestamp":"2026-09-07T16:43:33.206458015+05:30","level":"INFO","logger_name":"org.springframework.boot.web.embedded.tomcat.TomcatWebServer","thread_name":"main","message":"Tomcat initialized with port 8081 (http)"}
{"@timestamp":"2026-09-07T16:43:33.214572672+05:30","level":"INFO","logger_name":"org.apache.coyote.http11.Http11NioProtocol","thread_name":"main","message":"Initializing ProtocolHandler [\"http-nio-8081\"]"}
{"@timestamp":"2026-09-07T16:43:33.215942966+05:30","level":"INFO","logger_name":"org.apache.catalina.core.StandardService","thread_name":"main","message":"Starting service [Tomcat]"}
{"@timestamp":"2026-09-07T16:43:33.216164285+05:30","level":"INFO","logger_name":"org.apache.catalina.core.StandardEngine","thread_name":"main","message":"Starting Servlet engine: [Apache Tomcat/10.1.46]"}
{"@timestamp":"2026-09-07T16:43:33.242642736+05:30","level":"INFO","logger_name":"org.apache.catalina.core.ContainerBase.[Tomcat].[localhost].[/]","thread_name":"main","message":"Initializing Spring embedded WebApplicationContext"}
{"@timestamp":"2026-09-07T16:43:33.24344269+05:30","level":"INFO","logger_name":"org.springframework.boot.web.servlet.context.ServletWebServerApplicationContext","thread_name":"main","message":"Root WebApplicationContext: initialization completed in 871 ms"}
{"@timestamp":"2026-09-07T16:43:33.630702832+05:30","level":"INFO","logger_name":"org.springframework.boot.actuate.endpoint.web.EndpointLinksResolver","thread_name":"main","message":"Exposing 3 endpoints beneath base path '/actuator'"}
{"@timestamp":"2026-09-07T16:43:33.657130335+05:30","level":"INFO","logger_name":"org.apache.coyote.http11.Http11NioProtocol","thread_name":"main","message":"Starting ProtocolHandler [\"http-nio-8081\"]"}
{"@timestamp":"2026-09-07T16:43:33.665942159+05:30","level":"INFO","logger_name":"org.springframework.boot.web.embedded.tomcat.TomcatWebServer","thread_name":"main","message":"Tomcat started on port 8081 (http) with context path '/'"}
{"@timestamp":"2026-09-07T16:43:33.674864684+05:30","level":"INFO","logger_name":"com.npst.observability.Main","thread_name":"main","message":"Started Main in 2.028 seconds (process running for 2.297)"}
{"@timestamp":"2026-09-07T16:43:47.54351394+05:30","level":"INFO","logger_name":"com.npst.observability.Main","thread_name":"main","message":"Starting Main using Java 21.0.12 with PID 2446285 (/home/priyansh-borkar/Desktop/bank-observability-platform/sample-bank-app/target/classes started by priyansh-borkar in /home/priyansh-borkar/Desktop/bank-observability-platform)"}
{"@timestamp":"2026-09-07T16:43:47.555088886+05:30","level":"INFO","logger_name":"com.npst.observability.Main","thread_name":"main","message":"No active profile set, falling back to 1 default profile: \"default\""}
{"@timestamp":"2026-09-07T16:43:48.480305852+05:30","level":"INFO","logger_name":"org.springframework.boot.web.embedded.tomcat.TomcatWebServer","thread_name":"main","message":"Tomcat initialized with port 8080 (http)"}
{"@timestamp":"2026-09-07T16:43:48.488842727+05:30","level":"INFO","logger_name":"org.apache.coyote.http11.Http11NioProtocol","thread_name":"main","message":"Initializing ProtocolHandler [\"http-nio-8080\"]"}
{"@timestamp":"2026-09-07T16:43:48.490237635+05:30","level":"INFO","logger_name":"org.apache.catalina.core.StandardService","thread_name":"main","message":"Starting service [Tomcat]"}
{"@timestamp":"2026-09-07T16:43:48.490433443+05:30","level":"INFO","logger_name":"org.apache.catalina.core.StandardEngine","thread_name":"main","message":"Starting Servlet engine: [Apache Tomcat/10.1.46]"}
{"@timestamp":"2026-09-07T16:43:48.524230468+05:30","level":"INFO","logger_name":"org.apache.catalina.core.ContainerBase.[Tomcat].[localhost].[/]","thread_name":"main","message":"Initializing Spring embedded WebApplicationContext"}
{"@timestamp":"2026-09-07T16:43:48.524990547+05:30","level":"INFO","logger_name":"org.springframework.boot.web.servlet.context.ServletWebServerApplicationContext","thread_name":"main","message":"Root WebApplicationContext: initialization completed in 905 ms"}
{"@timestamp":"2026-09-07T16:43:48.980371848+05:30","level":"INFO","logger_name":"org.springframework.boot.actuate.endpoint.web.EndpointLinksResolver","thread_name":"main","message":"Exposing 4 endpoints beneath base path '/actuator'"}
{"@timestamp":"2026-09-07T16:43:49.008856902+05:30","level":"INFO","logger_name":"org.apache.coyote.http11.Http11NioProtocol","thread_name":"main","message":"Starting ProtocolHandler [\"http-nio-8080\"]"}
{"@timestamp":"2026-09-07T16:43:49.0178519+05:30","level":"INFO","logger_name":"org.springframework.boot.web.embedded.tomcat.TomcatWebServer","thread_name":"main","message":"Tomcat started on port 8080 (http) with context path '/'"}
{"@timestamp":"2026-09-07T16:43:49.027134271+05:30","level":"INFO","logger_name":"com.npst.observability.Main","thread_name":"main","message":"Started Main in 2.217 seconds (process running for 2.467)"}
{"@timestamp":"2026-09-07T16:43:53.791628034+05:30","level":"INFO","logger_name":"org.apache.catalina.core.ContainerBase.[Tomcat].[localhost].[/]","thread_name":"http-nio-8080-exec-1","message":"Initializing Spring DispatcherServlet 'dispatcherServlet'"}
{"@timestamp":"2026-09-07T16:43:53.791936997+05:30","level":"INFO","logger_name":"org.springframework.web.servlet.DispatcherServlet","thread_name":"http-nio-8080-exec-1","message":"Initializing Servlet 'dispatcherServlet'"}
{"@timestamp":"2026-09-07T16:43:53.792684933+05:30","level":"INFO","logger_name":"org.springframework.web.servlet.DispatcherServlet","thread_name":"http-nio-8080-exec-1","message":"Completed initialization in 1 ms"}
{"@timestamp":"2026-09-07T16:43:53.807626297+05:30","level":"INFO","logger_name":"com.npst.observability.interceptor.LoggingInterceptor","thread_name":"http-nio-8080-exec-1","message":"Request Started : method=GET uri = /api/v1/hello traceId=7176b707-4acd-4a79-a618-a9c2601905f3","traceId":"7176b707-4acd-4a79-a618-a9c2601905f3"}
{"@timestamp":"2026-09-07T16:43:53.843142936+05:30","level":"ERROR","logger_name":"com.npst.observability.logger.CommonLoggerImpl","thread_name":"http-nio-8080-exec-1","message":"Failed to serialize log event","traceId":"7176b707-4acd-4a79-a618-a9c2601905f3"}
{"@timestamp":"2026-09-07T16:43:53.894127681+05:30","level":"INFO","logger_name":"org.apache.catalina.core.ContainerBase.[Tomcat].[localhost].[/]","thread_name":"http-nio-8081-exec-1","message":"Initializing Spring DispatcherServlet 'dispatcherServlet'"}
{"@timestamp":"2026-09-07T16:43:53.894460678+05:30","level":"INFO","logger_name":"org.springframework.web.servlet.DispatcherServlet","thread_name":"http-nio-8081-exec-1","message":"Initializing Servlet 'dispatcherServlet'"}
{"@timestamp":"2026-09-07T16:43:53.895202948+05:30","level":"INFO","logger_name":"org.springframework.web.servlet.DispatcherServlet","thread_name":"http-nio-8081-exec-1","message":"Completed initialization in 1 ms"}
{"@timestamp":"2026-09-07T16:43:53.905323627+05:30","level":"INFO","logger_name":"com.npst.observability.interceptor.LoggingInterceptor","thread_name":"http-nio-8081-exec-1","message":"Request Started : method=POST uri = /api/v1/audit traceId=7176b707-4acd-4a79-a618-a9c2601905f3","traceId":"7176b707-4acd-4a79-a618-a9c2601905f3"}
{"@timestamp":"2026-09-07T16:43:53.948548017+05:30","level":"INFO","logger_name":"com.npst.observability.controller.AuditController","thread_name":"http-nio-8081-exec-1","message":"AUDIT_EVENT_RECEIVED","traceId":"7176b707-4acd-4a79-a618-a9c2601905f3"}
{"@timestamp":"2026-09-07T16:43:53.948763774+05:30","level":"INFO","logger_name":"com.npst.observability.controller.AuditController","thread_name":"http-nio-8081-exec-1","message":"traceId=7176b707-4acd-4a79-a618-a9c2601905f3","traceId":"7176b707-4acd-4a79-a618-a9c2601905f3"}
{"@timestamp":"2026-09-07T16:43:53.948832799+05:30","level":"INFO","logger_name":"com.npst.observability.controller.AuditController","thread_name":"http-nio-8081-exec-1","message":"method=GET uri=/api/v1/hello status=200 duration=0ms","traceId":"7176b707-4acd-4a79-a618-a9c2601905f3"}
{"@timestamp":"2026-09-07T16:43:53.965041603+05:30","level":"INFO","logger_name":"com.npst.observability.interceptor.LoggingInterceptor","thread_name":"http-nio-8080-exec-1","message":"Request Completed : status=200 duration=157ms traceId=7176b707-4acd-4a79-a618-a9c2601905f3","traceId":"7176b707-4acd-4a79-a618-a9c2601905f3"}
{"@timestamp":"2026-09-07T16:43:53.975356507+05:30","level":"INFO","logger_name":"com.npst.observability.interceptor.LoggingInterceptor","thread_name":"http-nio-8081-exec-2","message":"Request Started : method=POST uri = /api/v1/audit traceId=7176b707-4acd-4a79-a618-a9c2601905f3","traceId":"7176b707-4acd-4a79-a618-a9c2601905f3"}
{"@timestamp":"2026-09-07T16:43:53.976234259+05:30","level":"INFO","logger_name":"com.npst.observability.controller.AuditController","thread_name":"http-nio-8081-exec-2","message":"AUDIT_EVENT_RECEIVED","traceId":"7176b707-4acd-4a79-a618-a9c2601905f3"}
{"@timestamp":"2026-09-07T16:43:53.976390673+05:30","level":"INFO","logger_name":"com.npst.observability.controller.AuditController","thread_name":"http-nio-8081-exec-2","message":"traceId=7176b707-4acd-4a79-a618-a9c2601905f3","traceId":"7176b707-4acd-4a79-a618-a9c2601905f3"}
{"@timestamp":"2026-09-07T16:43:53.976439175+05:30","level":"INFO","logger_name":"com.npst.observability.controller.AuditController","thread_name":"http-nio-8081-exec-2","message":"method=GET uri=/api/v1/hello status=200 duration=157ms","traceId":"7176b707-4acd-4a79-a618-a9c2601905f3"}
{"@timestamp":"2026-09-07T16:46:44.754622533+05:30","level":"INFO","logger_name":"org.springframework.boot.web.embedded.tomcat.GracefulShutdown","thread_name":"SpringApplicationShutdownHook","message":"Commencing graceful shutdown. Waiting for active requests to complete"}
{"@timestamp":"2026-09-07T16:46:44.755056214+05:30","level":"INFO","logger_name":"org.springframework.boot.web.embedded.tomcat.GracefulShutdown","thread_name":"SpringApplicationShutdownHook","message":"Commencing graceful shutdown. Waiting for active requests to complete"}
{"@timestamp":"2026-09-07T16:46:44.757057559+05:30","level":"INFO","logger_name":"org.springframework.boot.web.embedded.tomcat.GracefulShutdown","thread_name":"tomcat-shutdown","message":"Graceful shutdown complete"}
{"@timestamp":"2026-09-07T16:46:44.757175162+05:30","level":"INFO","logger_name":"org.springframework.boot.web.embedded.tomcat.GracefulShutdown","thread_name":"tomcat-shutdown","message":"Graceful shutdown complete"}
{"@timestamp":"2026-09-07T16:47:44.66759847+05:30","level":"INFO","logger_name":"com.npst.observability.Main","thread_name":"main","message":"Starting Main using Java 21.0.12 with PID 2477062 (/home/priyansh-borkar/Desktop/bank-observability-platform/audit-service/target/classes started by priyansh-borkar in /home/priyansh-borkar/Desktop/bank-observability-platform)"}
{"@timestamp":"2026-09-07T16:47:44.674244485+05:30","level":"INFO","logger_name":"com.npst.observability.Main","thread_name":"main","message":"No active profile set, falling back to 1 default profile: \"default\""}
{"@timestamp":"2026-09-07T16:47:45.530587971+05:30","level":"INFO","logger_name":"org.springframework.boot.web.embedded.tomcat.TomcatWebServer","thread_name":"main","message":"Tomcat initialized with port 8081 (http)"}
{"@timestamp":"2026-09-07T16:47:45.542711776+05:30","level":"INFO","logger_name":"org.apache.coyote.http11.Http11NioProtocol","thread_name":"main","message":"Initializing ProtocolHandler [\"http-nio-8081\"]"}
{"@timestamp":"2026-09-07T16:47:45.544758484+05:30","level":"INFO","logger_name":"org.apache.catalina.core.StandardService","thread_name":"main","message":"Starting service [Tomcat]"}
{"@timestamp":"2026-09-07T16:47:45.545074491+05:30","level":"INFO","logger_name":"org.apache.catalina.core.StandardEngine","thread_name":"main","message":"Starting Servlet engine: [Apache Tomcat/10.1.46]"}
{"@timestamp":"2026-09-07T16:47:45.572693584+05:30","level":"INFO","logger_name":"org.apache.catalina.core.ContainerBase.[Tomcat].[localhost].[/]","thread_name":"main","message":"Initializing Spring embedded WebApplicationContext"}
{"@timestamp":"2026-09-07T16:47:45.573508898+05:30","level":"INFO","logger_name":"org.springframework.boot.web.servlet.context.ServletWebServerApplicationContext","thread_name":"main","message":"Root WebApplicationContext: initialization completed in 862 ms"}
{"@timestamp":"2026-09-07T16:47:45.999871623+05:30","level":"INFO","logger_name":"org.springframework.boot.actuate.endpoint.web.EndpointLinksResolver","thread_name":"main","message":"Exposing 3 endpoints beneath base path '/actuator'"}
{"@timestamp":"2026-09-07T16:47:46.027595229+05:30","level":"INFO","logger_name":"org.apache.coyote.http11.Http11NioProtocol","thread_name":"main","message":"Starting ProtocolHandler [\"http-nio-8081\"]"}
{"@timestamp":"2026-09-07T16:47:46.035644282+05:30","level":"INFO","logger_name":"org.springframework.boot.web.embedded.tomcat.TomcatWebServer","thread_name":"main","message":"Tomcat started on port 8081 (http) with context path '/'"}
{"@timestamp":"2026-09-07T16:47:46.046074053+05:30","level":"INFO","logger_name":"com.npst.observability.Main","thread_name":"main","message":"Started Main in 1.805 seconds (process running for 1.99)"}
{"@timestamp":"2026-09-07T16:47:54.513042631+05:30","level":"INFO","logger_name":"com.npst.observability.Main","thread_name":"main","message":"Starting Main using Java 21.0.12 with PID 2478361 (/home/priyansh-borkar/Desktop/bank-observability-platform/sample-bank-app/target/classes started by priyansh-borkar in /home/priyansh-borkar/Desktop/bank-observability-platform)"}
{"@timestamp":"2026-09-07T16:47:54.522023235+05:30","level":"INFO","logger_name":"com.npst.observability.Main","thread_name":"main","message":"No active profile set, falling back to 1 default profile: \"default\""}
{"@timestamp":"2026-09-07T16:47:55.451197401+05:30","level":"INFO","logger_name":"org.springframework.boot.web.embedded.tomcat.TomcatWebServer","thread_name":"main","message":"Tomcat initialized with port 8080 (http)"}
{"@timestamp":"2026-09-07T16:47:55.459350523+05:30","level":"INFO","logger_name":"org.apache.coyote.http11.Http11NioProtocol","thread_name":"main","message":"Initializing ProtocolHandler [\"http-nio-8080\"]"}
{"@timestamp":"2026-09-07T16:47:55.460759989+05:30","level":"INFO","logger_name":"org.apache.catalina.core.StandardService","thread_name":"main","message":"Starting service [Tomcat]"}
{"@timestamp":"2026-09-07T16:47:55.460980694+05:30","level":"INFO","logger_name":"org.apache.catalina.core.StandardEngine","thread_name":"main","message":"Starting Servlet engine: [Apache Tomcat/10.1.46]"}
{"@timestamp":"2026-09-07T16:47:55.487895373+05:30","level":"INFO","logger_name":"org.apache.catalina.core.ContainerBase.[Tomcat].[localhost].[/]","thread_name":"main","message":"Initializing Spring embedded WebApplicationContext"}
{"@timestamp":"2026-09-07T16:47:55.488593886+05:30","level":"INFO","logger_name":"org.springframework.boot.web.servlet.context.ServletWebServerApplicationContext","thread_name":"main","message":"Root WebApplicationContext: initialization completed in 916 ms"}
{"@timestamp":"2026-09-07T16:47:55.945173802+05:30","level":"INFO","logger_name":"org.springframework.boot.actuate.endpoint.web.EndpointLinksResolver","thread_name":"main","message":"Exposing 4 endpoints beneath base path '/actuator'"}
{"@timestamp":"2026-09-07T16:47:55.974455365+05:30","level":"INFO","logger_name":"org.apache.coyote.http11.Http11NioProtocol","thread_name":"main","message":"Starting ProtocolHandler [\"http-nio-8080\"]"}
{"@timestamp":"2026-09-07T16:47:55.982233008+05:30","level":"INFO","logger_name":"org.springframework.boot.web.embedded.tomcat.TomcatWebServer","thread_name":"main","message":"Tomcat started on port 8080 (http) with context path '/'"}
{"@timestamp":"2026-09-07T16:47:55.991564747+05:30","level":"INFO","logger_name":"com.npst.observability.Main","thread_name":"main","message":"Started Main in 2.111 seconds (process running for 2.379)"}
{"@timestamp":"2026-09-07T16:48:02.330683585+05:30","level":"INFO","logger_name":"org.apache.catalina.core.ContainerBase.[Tomcat].[localhost].[/]","thread_name":"http-nio-8080-exec-1","message":"Initializing Spring DispatcherServlet 'dispatcherServlet'"}
{"@timestamp":"2026-09-07T16:48:02.331433557+05:30","level":"INFO","logger_name":"org.springframework.web.servlet.DispatcherServlet","thread_name":"http-nio-8080-exec-1","message":"Initializing Servlet 'dispatcherServlet'"}
{"@timestamp":"2026-09-07T16:48:02.333576047+05:30","level":"INFO","logger_name":"org.springframework.web.servlet.DispatcherServlet","thread_name":"http-nio-8080-exec-1","message":"Completed initialization in 2 ms"}
{"@timestamp":"2026-09-07T16:48:02.349882774+05:30","level":"INFO","logger_name":"com.npst.observability.interceptor.LoggingInterceptor","thread_name":"http-nio-8080-exec-1","message":"Request Started : method=GET uri = /api/v1/hello traceId=ed0bee01-0d20-4a79-8ba8-61206255eadf","traceId":"ed0bee01-0d20-4a79-8ba8-61206255eadf"}
{"@timestamp":"2026-09-07T16:48:02.375378566+05:30","level":"INFO","logger_name":"com.npst.observability.logger.CommonLoggerImpl","thread_name":"http-nio-8080-exec-1","message":"{\"timestamp\":\"2026-09-07T11:18:02.356811275Z\",\"traceId\":\"ed0bee01-0d20-4a79-8ba8-61206255eadf\",\"serviceName\":\"sample-bank-app\",\"eventType\":\"APPLICATION\",\"level\":\"INFO\",\"message\":\"Hello endpoint invoked\",\"endpoint\":null,\"method\":null,\"metadata\":{\"version\":\"1.0\",\"module\":\"HELLO\"}}","traceId":"ed0bee01-0d20-4a79-8ba8-61206255eadf"}
{"@timestamp":"2026-09-07T16:48:02.419514761+05:30","level":"INFO","logger_name":"org.apache.catalina.core.ContainerBase.[Tomcat].[localhost].[/]","thread_name":"http-nio-8081-exec-1","message":"Initializing Spring DispatcherServlet 'dispatcherServlet'"}
{"@timestamp":"2026-09-07T16:48:02.419842556+05:30","level":"INFO","logger_name":"org.springframework.web.servlet.DispatcherServlet","thread_name":"http-nio-8081-exec-1","message":"Initializing Servlet 'dispatcherServlet'"}
{"@timestamp":"2026-09-07T16:48:02.420575987+05:30","level":"INFO","logger_name":"org.springframework.web.servlet.DispatcherServlet","thread_name":"http-nio-8081-exec-1","message":"Completed initialization in 1 ms"}
{"@timestamp":"2026-09-07T16:48:02.429754725+05:30","level":"INFO","logger_name":"com.npst.observability.interceptor.LoggingInterceptor","thread_name":"http-nio-8081-exec-1","message":"Request Started : method=POST uri = /api/v1/audit traceId=ed0bee01-0d20-4a79-8ba8-61206255eadf","traceId":"ed0bee01-0d20-4a79-8ba8-61206255eadf"}
{"@timestamp":"2026-09-07T16:48:02.469559467+05:30","level":"INFO","logger_name":"com.npst.observability.controller.AuditController","thread_name":"http-nio-8081-exec-1","message":"AUDIT_EVENT_RECEIVED","traceId":"ed0bee01-0d20-4a79-8ba8-61206255eadf"}
{"@timestamp":"2026-09-07T16:48:02.469771627+05:30","level":"INFO","logger_name":"com.npst.observability.controller.AuditController","thread_name":"http-nio-8081-exec-1","message":"traceId=ed0bee01-0d20-4a79-8ba8-61206255eadf","traceId":"ed0bee01-0d20-4a79-8ba8-61206255eadf"}
{"@timestamp":"2026-09-07T16:48:02.469834537+05:30","level":"INFO","logger_name":"com.npst.observability.controller.AuditController","thread_name":"http-nio-8081-exec-1","message":"method=GET uri=/api/v1/hello status=200 duration=0ms","traceId":"ed0bee01-0d20-4a79-8ba8-61206255eadf"}
{"@timestamp":"2026-09-07T16:48:02.483498718+05:30","level":"INFO","logger_name":"com.npst.observability.interceptor.LoggingInterceptor","thread_name":"http-nio-8080-exec-1","message":"Request Completed : status=200 duration=134ms traceId=ed0bee01-0d20-4a79-8ba8-61206255eadf","traceId":"ed0bee01-0d20-4a79-8ba8-61206255eadf"}
{"@timestamp":"2026-09-07T16:48:02.495825991+05:30","level":"INFO","logger_name":"com.npst.observability.interceptor.LoggingInterceptor","thread_name":"http-nio-8081-exec-2","message":"Request Started : method=POST uri = /api/v1/audit traceId=ed0bee01-0d20-4a79-8ba8-61206255eadf","traceId":"ed0bee01-0d20-4a79-8ba8-61206255eadf"}
{"@timestamp":"2026-09-07T16:48:02.496678732+05:30","level":"INFO","logger_name":"com.npst.observability.controller.AuditController","thread_name":"http-nio-8081-exec-2","message":"AUDIT_EVENT_RECEIVED","traceId":"ed0bee01-0d20-4a79-8ba8-61206255eadf"}
{"@timestamp":"2026-09-07T16:48:02.49677778+05:30","level":"INFO","logger_name":"com.npst.observability.controller.AuditController","thread_name":"http-nio-8081-exec-2","message":"traceId=ed0bee01-0d20-4a79-8ba8-61206255eadf","traceId":"ed0bee01-0d20-4a79-8ba8-61206255eadf"}
{"@timestamp":"2026-09-07T16:48:02.496824733+05:30","level":"INFO","logger_name":"com.npst.observability.controller.AuditController","thread_name":"http-nio-8081-exec-2","message":"method=GET uri=/api/v1/hello status=200 duration=134ms","traceId":"ed0bee01-0d20-4a79-8ba8-61206255eadf"}
{"@timestamp":"2026-09-07T16:48:57.524383465+05:30","level":"INFO","logger_name":"org.springframework.boot.web.embedded.tomcat.GracefulShutdown","thread_name":"SpringApplicationShutdownHook","message":"Commencing graceful shutdown. Waiting for active requests to complete"}
{"@timestamp":"2026-09-07T16:48:57.525140835+05:30","level":"INFO","logger_name":"org.springframework.boot.web.embedded.tomcat.GracefulShutdown","thread_name":"SpringApplicationShutdownHook","message":"Commencing graceful shutdown. Waiting for active requests to complete"}
{"@timestamp":"2026-09-07T16:48:57.52655853+05:30","level":"INFO","logger_name":"org.springframework.boot.web.embedded.tomcat.GracefulShutdown","thread_name":"tomcat-shutdown","message":"Graceful shutdown complete"}
{"@timestamp":"2026-09-07T16:48:57.527462227+05:30","level":"INFO","logger_name":"org.springframework.boot.web.embedded.tomcat.GracefulShutdown","thread_name":"tomcat-shutdown","message":"Graceful shutdown complete"}
{"@timestamp":"2026-09-08T10:27:48.55728271+05:30","level":"INFO","logger_name":"com.npst.observability.Main","thread_name":"main","message":"Starting Main using Java 21.0.12 with PID 2846607 (/home/priyansh-borkar/Desktop/bank-observability-platform/audit-service/target/classes started by priyansh-borkar in /home/priyansh-borkar/Desktop/bank-observability-platform)"}
{"@timestamp":"2026-09-08T10:27:48.569271497+05:30","level":"INFO","logger_name":"com.npst.observability.Main","thread_name":"main","message":"No active profile set, falling back to 1 default profile: \"default\""}
{"@timestamp":"2026-09-08T10:27:49.582584185+05:30","level":"INFO","logger_name":"org.springframework.boot.web.embedded.tomcat.TomcatWebServer","thread_name":"main","message":"Tomcat initialized with port 8081 (http)"}
{"@timestamp":"2026-09-08T10:27:49.591611065+05:30","level":"INFO","logger_name":"org.apache.coyote.http11.Http11NioProtocol","thread_name":"main","message":"Initializing ProtocolHandler [\"http-nio-8081\"]"}
{"@timestamp":"2026-09-08T10:27:49.593172416+05:30","level":"INFO","logger_name":"org.apache.catalina.core.StandardService","thread_name":"main","message":"Starting service [Tomcat]"}
{"@timestamp":"2026-09-08T10:27:49.5934577+05:30","level":"INFO","logger_name":"org.apache.catalina.core.StandardEngine","thread_name":"main","message":"Starting Servlet engine: [Apache Tomcat/10.1.46]"}
{"@timestamp":"2026-09-08T10:27:49.623618182+05:30","level":"INFO","logger_name":"org.apache.catalina.core.ContainerBase.[Tomcat].[localhost].[/]","thread_name":"main","message":"Initializing Spring embedded WebApplicationContext"}
{"@timestamp":"2026-09-08T10:27:49.624438995+05:30","level":"INFO","logger_name":"org.springframework.boot.web.servlet.context.ServletWebServerApplicationContext","thread_name":"main","message":"Root WebApplicationContext: initialization completed in 994 ms"}
{"@timestamp":"2026-09-08T10:27:50.058918159+05:30","level":"INFO","logger_name":"org.springframework.boot.actuate.endpoint.web.EndpointLinksResolver","thread_name":"main","message":"Exposing 3 endpoints beneath base path '/actuator'"}
{"@timestamp":"2026-09-08T10:27:50.105032085+05:30","level":"INFO","logger_name":"org.apache.coyote.http11.Http11NioProtocol","thread_name":"main","message":"Starting ProtocolHandler [\"http-nio-8081\"]"}
{"@timestamp":"2026-09-08T10:27:50.117658079+05:30","level":"INFO","logger_name":"org.springframework.boot.web.embedded.tomcat.TomcatWebServer","thread_name":"main","message":"Tomcat started on port 8081 (http) with context path '/'"}
{"@timestamp":"2026-09-08T10:27:50.132107225+05:30","level":"INFO","logger_name":"com.npst.observability.Main","thread_name":"main","message":"Started Main in 2.336 seconds (process running for 2.648)"}
{"@timestamp":"2026-09-08T10:27:53.796876386+05:30","level":"INFO","logger_name":"org.apache.catalina.core.ContainerBase.[Tomcat].[localhost].[/]","thread_name":"http-nio-8081-exec-1","message":"Initializing Spring DispatcherServlet 'dispatcherServlet'"}
{"@timestamp":"2026-09-08T10:27:53.797164255+05:30","level":"INFO","logger_name":"org.springframework.web.servlet.DispatcherServlet","thread_name":"http-nio-8081-exec-1","message":"Initializing Servlet 'dispatcherServlet'"}
{"@timestamp":"2026-09-08T10:27:53.797863472+05:30","level":"INFO","logger_name":"org.springframework.web.servlet.DispatcherServlet","thread_name":"http-nio-8081-exec-1","message":"Completed initialization in 0 ms"}
{"@timestamp":"2026-09-08T10:28:07.164098754+05:30","level":"INFO","logger_name":"com.npst.observability.Main","thread_name":"main","message":"Starting Main using Java 21.0.12 with PID 2849124 (/home/priyansh-borkar/Desktop/bank-observability-platform/sample-bank-app/target/classes started by priyansh-borkar in /home/priyansh-borkar/Desktop/bank-observability-platform)"}
{"@timestamp":"2026-09-08T10:28:07.175080183+05:30","level":"INFO","logger_name":"com.npst.observability.Main","thread_name":"main","message":"No active profile set, falling back to 1 default profile: \"default\""}
{"@timestamp":"2026-09-08T10:28:07.747306899+05:30","level":"INFO","logger_name":"org.springframework.boot.web.embedded.tomcat.TomcatWebServer","thread_name":"main","message":"Tomcat initialized with port 8080 (http)"}
{"@timestamp":"2026-09-08T10:28:07.753276187+05:30","level":"INFO","logger_name":"org.apache.coyote.http11.Http11NioProtocol","thread_name":"main","message":"Initializing ProtocolHandler [\"http-nio-8080\"]"}
{"@timestamp":"2026-09-08T10:28:07.754317214+05:30","level":"INFO","logger_name":"org.apache.catalina.core.StandardService","thread_name":"main","message":"Starting service [Tomcat]"}
{"@timestamp":"2026-09-08T10:28:07.754496021+05:30","level":"INFO","logger_name":"org.apache.catalina.core.StandardEngine","thread_name":"main","message":"Starting Servlet engine: [Apache Tomcat/10.1.46]"}
{"@timestamp":"2026-09-08T10:28:07.773859133+05:30","level":"INFO","logger_name":"org.apache.catalina.core.ContainerBase.[Tomcat].[localhost].[/]","thread_name":"main","message":"Initializing Spring embedded WebApplicationContext"}
{"@timestamp":"2026-09-08T10:28:07.774380057+05:30","level":"INFO","logger_name":"org.springframework.boot.web.servlet.context.ServletWebServerApplicationContext","thread_name":"main","message":"Root WebApplicationContext: initialization completed in 563 ms"}
{"@timestamp":"2026-09-08T10:28:08.069077488+05:30","level":"INFO","logger_name":"org.springframework.boot.actuate.endpoint.web.EndpointLinksResolver","thread_name":"main","message":"Exposing 4 endpoints beneath base path '/actuator'"}
{"@timestamp":"2026-09-08T10:28:08.110527251+05:30","level":"INFO","logger_name":"org.apache.coyote.http11.Http11NioProtocol","thread_name":"main","message":"Starting ProtocolHandler [\"http-nio-8080\"]"}
{"@timestamp":"2026-09-08T10:28:08.120656859+05:30","level":"INFO","logger_name":"org.springframework.boot.web.embedded.tomcat.TomcatWebServer","thread_name":"main","message":"Tomcat started on port 8080 (http) with context path '/'"}
{"@timestamp":"2026-09-08T10:28:08.12956539+05:30","level":"INFO","logger_name":"com.npst.observability.Main","thread_name":"main","message":"Started Main in 1.47 seconds (process running for 1.682)"}
{"@timestamp":"2026-09-08T10:28:11.09926348+05:30","level":"INFO","logger_name":"org.apache.catalina.core.ContainerBase.[Tomcat].[localhost].[/]","thread_name":"http-nio-8080-exec-1","message":"Initializing Spring DispatcherServlet 'dispatcherServlet'"}
{"@timestamp":"2026-09-08T10:28:11.099773902+05:30","level":"INFO","logger_name":"org.springframework.web.servlet.DispatcherServlet","thread_name":"http-nio-8080-exec-1","message":"Initializing Servlet 'dispatcherServlet'"}
{"@timestamp":"2026-09-08T10:28:11.100838594+05:30","level":"INFO","logger_name":"org.springframework.web.servlet.DispatcherServlet","thread_name":"http-nio-8080-exec-1","message":"Completed initialization in 1 ms"}
{"@timestamp":"2026-09-08T10:34:37.16784116+05:30","level":"INFO","logger_name":"com.npst.observability.interceptor.LoggingInterceptor","thread_name":"http-nio-8080-exec-9","message":"Request Started : method=GET uri = /api/v1/hello traceId=afcb9bf6-719c-4a8c-9bfc-1e560dec338a","traceId":"afcb9bf6-719c-4a8c-9bfc-1e560dec338a"}
{"@timestamp":"2026-09-08T10:34:37.195973392+05:30","level":"INFO","logger_name":"com.npst.observability.logger.CommonLoggerImpl","thread_name":"http-nio-8080-exec-9","message":"{\"timestamp\":\"2026-09-08T05:04:37.170912934Z\",\"traceId\":\"afcb9bf6-719c-4a8c-9bfc-1e560dec338a\",\"serviceName\":\"sample-bank-app\",\"eventType\":\"APPLICATION\",\"level\":\"INFO\",\"message\":\"Hello endpoint invoked\",\"endpoint\":null,\"method\":null,\"metadata\":{\"version\":\"1.0\",\"module\":\"HELLO\"}}","traceId":"afcb9bf6-719c-4a8c-9bfc-1e560dec338a"}
{"@timestamp":"2026-09-08T10:34:37.214443531+05:30","level":"INFO","logger_name":"com.npst.observability.interceptor.LoggingInterceptor","thread_name":"http-nio-8081-exec-2","message":"Request Started : method=POST uri = /api/v1/audit traceId=afcb9bf6-719c-4a8c-9bfc-1e560dec338a","traceId":"afcb9bf6-719c-4a8c-9bfc-1e560dec338a"}
{"@timestamp":"2026-09-08T10:34:37.242189575+05:30","level":"INFO","logger_name":"com.npst.observability.controller.AuditController","thread_name":"http-nio-8081-exec-2","message":"AUDIT_EVENT_RECEIVED","traceId":"afcb9bf6-719c-4a8c-9bfc-1e560dec338a"}
{"@timestamp":"2026-09-08T10:34:37.242403081+05:30","level":"INFO","logger_name":"com.npst.observability.controller.AuditController","thread_name":"http-nio-8081-exec-2","message":"traceId=afcb9bf6-719c-4a8c-9bfc-1e560dec338a","traceId":"afcb9bf6-719c-4a8c-9bfc-1e560dec338a"}
{"@timestamp":"2026-09-08T10:34:37.242460081+05:30","level":"INFO","logger_name":"com.npst.observability.controller.AuditController","thread_name":"http-nio-8081-exec-2","message":"method=GET uri=/api/v1/hello status=200 duration=0ms","traceId":"afcb9bf6-719c-4a8c-9bfc-1e560dec338a"}
{"@timestamp":"2026-09-08T10:34:37.248668747+05:30","level":"INFO","logger_name":"com.npst.observability.interceptor.LoggingInterceptor","thread_name":"http-nio-8080-exec-9","message":"Request Completed : status=200 duration=81ms traceId=afcb9bf6-719c-4a8c-9bfc-1e560dec338a","traceId":"afcb9bf6-719c-4a8c-9bfc-1e560dec338a"}
{"@timestamp":"2026-09-08T10:34:37.25640379+05:30","level":"INFO","logger_name":"com.npst.observability.interceptor.LoggingInterceptor","thread_name":"http-nio-8081-exec-3","message":"Request Started : method=POST uri = /api/v1/audit traceId=afcb9bf6-719c-4a8c-9bfc-1e560dec338a","traceId":"afcb9bf6-719c-4a8c-9bfc-1e560dec338a"}
{"@timestamp":"2026-09-08T10:34:37.25777687+05:30","level":"INFO","logger_name":"com.npst.observability.controller.AuditController","thread_name":"http-nio-8081-exec-3","message":"AUDIT_EVENT_RECEIVED","traceId":"afcb9bf6-719c-4a8c-9bfc-1e560dec338a"}
{"@timestamp":"2026-09-08T10:34:37.258100285+05:30","level":"INFO","logger_name":"com.npst.observability.controller.AuditController","thread_name":"http-nio-8081-exec-3","message":"traceId=afcb9bf6-719c-4a8c-9bfc-1e560dec338a","traceId":"afcb9bf6-719c-4a8c-9bfc-1e560dec338a"}
{"@timestamp":"2026-09-08T10:34:37.258314073+05:30","level":"INFO","logger_name":"com.npst.observability.controller.AuditController","thread_name":"http-nio-8081-exec-3","message":"method=GET uri=/api/v1/hello status=200 duration=81ms","traceId":"afcb9bf6-719c-4a8c-9bfc-1e560dec338a"}
{"@timestamp":"2026-09-08T10:34:39.404838405+05:30","level":"INFO","logger_name":"com.npst.observability.interceptor.LoggingInterceptor","thread_name":"http-nio-8080-exec-10","message":"Request Started : method=GET uri = /api/v1/hello traceId=25bc65e1-3666-4655-85a6-43eb007fadc2","traceId":"25bc65e1-3666-4655-85a6-43eb007fadc2"}
{"@timestamp":"2026-09-08T10:34:39.40532095+05:30","level":"INFO","logger_name":"com.npst.observability.logger.CommonLoggerImpl","thread_name":"http-nio-8080-exec-10","message":"{\"timestamp\":\"2026-09-08T05:04:39.405187521Z\",\"traceId\":\"25bc65e1-3666-4655-85a6-43eb007fadc2\",\"serviceName\":\"sample-bank-app\",\"eventType\":\"APPLICATION\",\"level\":\"INFO\",\"message\":\"Hello endpoint invoked\",\"endpoint\":null,\"method\":null,\"metadata\":{\"version\":\"1.0\",\"module\":\"HELLO\"}}","traceId":"25bc65e1-3666-4655-85a6-43eb007fadc2"}
{"@timestamp":"2026-09-08T10:34:39.408453801+05:30","level":"INFO","logger_name":"com.npst.observability.interceptor.LoggingInterceptor","thread_name":"http-nio-8081-exec-5","message":"Request Started : method=POST uri = /api/v1/audit traceId=25bc65e1-3666-4655-85a6-43eb007fadc2","traceId":"25bc65e1-3666-4655-85a6-43eb007fadc2"}
{"@timestamp":"2026-09-08T10:34:39.409619501+05:30","level":"INFO","logger_name":"com.npst.observability.controller.AuditController","thread_name":"http-nio-8081-exec-5","message":"AUDIT_EVENT_RECEIVED","traceId":"25bc65e1-3666-4655-85a6-43eb007fadc2"}
{"@timestamp":"2026-09-08T10:34:39.409822269+05:30","level":"INFO","logger_name":"com.npst.observability.controller.AuditController","thread_name":"http-nio-8081-exec-5","message":"traceId=25bc65e1-3666-4655-85a6-43eb007fadc2","traceId":"25bc65e1-3666-4655-85a6-43eb007fadc2"}
{"@timestamp":"2026-09-08T10:34:39.409875823+05:30","level":"INFO","logger_name":"com.npst.observability.controller.AuditController","thread_name":"http-nio-8081-exec-5","message":"method=GET uri=/api/v1/hello status=200 duration=0ms","traceId":"25bc65e1-3666-4655-85a6-43eb007fadc2"}
{"@timestamp":"2026-09-08T10:34:39.41238712+05:30","level":"INFO","logger_name":"com.npst.observability.interceptor.LoggingInterceptor","thread_name":"http-nio-8080-exec-10","message":"Request Completed : status=200 duration=8ms traceId=25bc65e1-3666-4655-85a6-43eb007fadc2","traceId":"25bc65e1-3666-4655-85a6-43eb007fadc2"}
{"@timestamp":"2026-09-08T10:34:39.416906404+05:30","level":"INFO","logger_name":"com.npst.observability.interceptor.LoggingInterceptor","thread_name":"http-nio-8081-exec-6","message":"Request Started : method=POST uri = /api/v1/audit traceId=25bc65e1-3666-4655-85a6-43eb007fadc2","traceId":"25bc65e1-3666-4655-85a6-43eb007fadc2"}
{"@timestamp":"2026-09-08T10:34:39.418078586+05:30","level":"INFO","logger_name":"com.npst.observability.controller.AuditController","thread_name":"http-nio-8081-exec-6","message":"AUDIT_EVENT_RECEIVED","traceId":"25bc65e1-3666-4655-85a6-43eb007fadc2"}
{"@timestamp":"2026-09-08T10:34:39.418338699+05:30","level":"INFO","logger_name":"com.npst.observability.controller.AuditController","thread_name":"http-nio-8081-exec-6","message":"traceId=25bc65e1-3666-4655-85a6-43eb007fadc2","traceId":"25bc65e1-3666-4655-85a6-43eb007fadc2"}
{"@timestamp":"2026-09-08T10:34:39.418449632+05:30","level":"INFO","logger_name":"com.npst.observability.controller.AuditController","thread_name":"http-nio-8081-exec-6","message":"method=GET uri=/api/v1/hello status=200 duration=8ms","traceId":"25bc65e1-3666-4655-85a6-43eb007fadc2"}
{"@timestamp":"2026-09-08T10:34:39.949110564+05:30","level":"INFO","logger_name":"com.npst.observability.interceptor.LoggingInterceptor","thread_name":"http-nio-8080-exec-1","message":"Request Started : method=GET uri = /api/v1/hello traceId=ff8dd26e-e99d-4afc-94fb-3a60333fbb4b","traceId":"ff8dd26e-e99d-4afc-94fb-3a60333fbb4b"}
{"@timestamp":"2026-09-08T10:34:39.949509122+05:30","level":"INFO","logger_name":"com.npst.observability.logger.CommonLoggerImpl","thread_name":"http-nio-8080-exec-1","message":"{\"timestamp\":\"2026-09-08T05:04:39.949389585Z\",\"traceId\":\"ff8dd26e-e99d-4afc-94fb-3a60333fbb4b\",\"serviceName\":\"sample-bank-app\",\"eventType\":\"APPLICATION\",\"level\":\"INFO\",\"message\":\"Hello endpoint invoked\",\"endpoint\":null,\"method\":null,\"metadata\":{\"version\":\"1.0\",\"module\":\"HELLO\"}}","traceId":"ff8dd26e-e99d-4afc-94fb-3a60333fbb4b"}
{"@timestamp":"2026-09-08T10:34:39.952054507+05:30","level":"INFO","logger_name":"com.npst.observability.interceptor.LoggingInterceptor","thread_name":"http-nio-8081-exec-7","message":"Request Started : method=POST uri = /api/v1/audit traceId=ff8dd26e-e99d-4afc-94fb-3a60333fbb4b","traceId":"ff8dd26e-e99d-4afc-94fb-3a60333fbb4b"}
{"@timestamp":"2026-09-08T10:34:39.952694126+05:30","level":"INFO","logger_name":"com.npst.observability.controller.AuditController","thread_name":"http-nio-8081-exec-7","message":"AUDIT_EVENT_RECEIVED","traceId":"ff8dd26e-e99d-4afc-94fb-3a60333fbb4b"}
{"@timestamp":"2026-09-08T10:34:39.952763196+05:30","level":"INFO","logger_name":"com.npst.observability.controller.AuditController","thread_name":"http-nio-8081-exec-7","message":"traceId=ff8dd26e-e99d-4afc-94fb-3a60333fbb4b","traceId":"ff8dd26e-e99d-4afc-94fb-3a60333fbb4b"}
{"@timestamp":"2026-09-08T10:34:39.952800345+05:30","level":"INFO","logger_name":"com.npst.observability.controller.AuditController","thread_name":"http-nio-8081-exec-7","message":"method=GET uri=/api/v1/hello status=200 duration=0ms","traceId":"ff8dd26e-e99d-4afc-94fb-3a60333fbb4b"}
{"@timestamp":"2026-09-08T10:34:39.95399311+05:30","level":"INFO","logger_name":"com.npst.observability.interceptor.LoggingInterceptor","thread_name":"http-nio-8080-exec-1","message":"Request Completed : status=200 duration=4ms traceId=ff8dd26e-e99d-4afc-94fb-3a60333fbb4b","traceId":"ff8dd26e-e99d-4afc-94fb-3a60333fbb4b"}
{"@timestamp":"2026-09-08T10:34:39.957547817+05:30","level":"INFO","logger_name":"com.npst.observability.interceptor.LoggingInterceptor","thread_name":"http-nio-8081-exec-8","message":"Request Started : method=POST uri = /api/v1/audit traceId=ff8dd26e-e99d-4afc-94fb-3a60333fbb4b","traceId":"ff8dd26e-e99d-4afc-94fb-3a60333fbb4b"}
{"@timestamp":"2026-09-08T10:34:39.958938438+05:30","level":"INFO","logger_name":"com.npst.observability.controller.AuditController","thread_name":"http-nio-8081-exec-8","message":"AUDIT_EVENT_RECEIVED","traceId":"ff8dd26e-e99d-4afc-94fb-3a60333fbb4b"}
{"@timestamp":"2026-09-08T10:34:39.959240342+05:30","level":"INFO","logger_name":"com.npst.observability.controller.AuditController","thread_name":"http-nio-8081-exec-8","message":"traceId=ff8dd26e-e99d-4afc-94fb-3a60333fbb4b","traceId":"ff8dd26e-e99d-4afc-94fb-3a60333fbb4b"}
{"@timestamp":"2026-09-08T10:34:39.9594247+05:30","level":"INFO","logger_name":"com.npst.observability.controller.AuditController","thread_name":"http-nio-8081-exec-8","message":"method=GET uri=/api/v1/hello status=200 duration=4ms","traceId":"ff8dd26e-e99d-4afc-94fb-3a60333fbb4b"}
{"@timestamp":"2026-09-08T10:34:40.606595627+05:30","level":"INFO","logger_name":"com.npst.observability.interceptor.LoggingInterceptor","thread_name":"http-nio-8080-exec-2","message":"Request Started : method=GET uri = /api/v1/hello traceId=3002b381-65d5-4fc6-ab11-3d1f58c745ad","traceId":"3002b381-65d5-4fc6-ab11-3d1f58c745ad"}
{"@timestamp":"2026-09-08T10:34:40.607108858+05:30","level":"INFO","logger_name":"com.npst.observability.logger.CommonLoggerImpl","thread_name":"http-nio-8080-exec-2","message":"{\"timestamp\":\"2026-09-08T05:04:40.606957594Z\",\"traceId\":\"3002b381-65d5-4fc6-ab11-3d1f58c745ad\",\"serviceName\":\"sample-bank-app\",\"eventType\":\"APPLICATION\",\"level\":\"INFO\",\"message\":\"Hello endpoint invoked\",\"endpoint\":null,\"method\":null,\"metadata\":{\"version\":\"1.0\",\"module\":\"HELLO\"}}","traceId":"3002b381-65d5-4fc6-ab11-3d1f58c745ad"}
{"@timestamp":"2026-09-08T10:34:40.609990009+05:30","level":"INFO","logger_name":"com.npst.observability.interceptor.LoggingInterceptor","thread_name":"http-nio-8081-exec-9","message":"Request Started : method=POST uri = /api/v1/audit traceId=3002b381-65d5-4fc6-ab11-3d1f58c745ad","traceId":"3002b381-65d5-4fc6-ab11-3d1f58c745ad"}
{"@timestamp":"2026-09-08T10:34:40.610641311+05:30","level":"INFO","logger_name":"com.npst.observability.controller.AuditController","thread_name":"http-nio-8081-exec-9","message":"AUDIT_EVENT_RECEIVED","traceId":"3002b381-65d5-4fc6-ab11-3d1f58c745ad"}
{"@timestamp":"2026-09-08T10:34:40.610757002+05:30","level":"INFO","logger_name":"com.npst.observability.controller.AuditController","thread_name":"http-nio-8081-exec-9","message":"traceId=3002b381-65d5-4fc6-ab11-3d1f58c745ad","traceId":"3002b381-65d5-4fc6-ab11-3d1f58c745ad"}
{"@timestamp":"2026-09-08T10:34:40.610793293+05:30","level":"INFO","logger_name":"com.npst.observability.controller.AuditController","thread_name":"http-nio-8081-exec-9","message":"method=GET uri=/api/v1/hello status=200 duration=0ms","traceId":"3002b381-65d5-4fc6-ab11-3d1f58c745ad"}
{"@timestamp":"2026-09-08T10:34:40.612099851+05:30","level":"INFO","logger_name":"com.npst.observability.interceptor.LoggingInterceptor","thread_name":"http-nio-8080-exec-2","message":"Request Completed : status=200 duration=6ms traceId=3002b381-65d5-4fc6-ab11-3d1f58c745ad","traceId":"3002b381-65d5-4fc6-ab11-3d1f58c745ad"}
{"@timestamp":"2026-09-08T10:34:40.615359002+05:30","level":"INFO","logger_name":"com.npst.observability.interceptor.LoggingInterceptor","thread_name":"http-nio-8081-exec-10","message":"Request Started : method=POST uri = /api/v1/audit traceId=3002b381-65d5-4fc6-ab11-3d1f58c745ad","traceId":"3002b381-65d5-4fc6-ab11-3d1f58c745ad"}
{"@timestamp":"2026-09-08T10:34:40.616536753+05:30","level":"INFO","logger_name":"com.npst.observability.controller.AuditController","thread_name":"http-nio-8081-exec-10","message":"AUDIT_EVENT_RECEIVED","traceId":"3002b381-65d5-4fc6-ab11-3d1f58c745ad"}
{"@timestamp":"2026-09-08T10:34:40.616788589+05:30","level":"INFO","logger_name":"com.npst.observability.controller.AuditController","thread_name":"http-nio-8081-exec-10","message":"traceId=3002b381-65d5-4fc6-ab11-3d1f58c745ad","traceId":"3002b381-65d5-4fc6-ab11-3d1f58c745ad"}
{"@timestamp":"2026-09-08T10:34:40.61689423+05:30","level":"INFO","logger_name":"com.npst.observability.controller.AuditController","thread_name":"http-nio-8081-exec-10","message":"method=GET uri=/api/v1/hello status=200 duration=6ms","traceId":"3002b381-65d5-4fc6-ab11-3d1f58c745ad"}
{"@timestamp":"2026-09-08T10:34:41.073291303+05:30","level":"INFO","logger_name":"com.npst.observability.interceptor.LoggingInterceptor","thread_name":"http-nio-8080-exec-4","message":"Request Started : method=GET uri = /api/v1/hello traceId=4020059f-6114-4505-9ce5-f3011dbdf6d9","traceId":"4020059f-6114-4505-9ce5-f3011dbdf6d9"}
{"@timestamp":"2026-09-08T10:34:41.07400988+05:30","level":"INFO","logger_name":"com.npst.observability.logger.CommonLoggerImpl","thread_name":"http-nio-8080-exec-4","message":"{\"timestamp\":\"2026-09-08T05:04:41.073791619Z\",\"traceId\":\"4020059f-6114-4505-9ce5-f3011dbdf6d9\",\"serviceName\":\"sample-bank-app\",\"eventType\":\"APPLICATION\",\"level\":\"INFO\",\"message\":\"Hello endpoint invoked\",\"endpoint\":null,\"method\":null,\"metadata\":{\"version\":\"1.0\",\"module\":\"HELLO\"}}","traceId":"4020059f-6114-4505-9ce5-f3011dbdf6d9"}
{"@timestamp":"2026-09-08T10:34:41.07722841+05:30","level":"INFO","logger_name":"com.npst.observability.interceptor.LoggingInterceptor","thread_name":"http-nio-8081-exec-1","message":"Request Started : method=POST uri = /api/v1/audit traceId=4020059f-6114-4505-9ce5-f3011dbdf6d9","traceId":"4020059f-6114-4505-9ce5-f3011dbdf6d9"}
{"@timestamp":"2026-09-08T10:34:41.07789981+05:30","level":"INFO","logger_name":"com.npst.observability.controller.AuditController","thread_name":"http-nio-8081-exec-1","message":"AUDIT_EVENT_RECEIVED","traceId":"4020059f-6114-4505-9ce5-f3011dbdf6d9"}
{"@timestamp":"2026-09-08T10:34:41.077968718+05:30","level":"INFO","logger_name":"com.npst.observability.controller.AuditController","thread_name":"http-nio-8081-exec-1","message":"traceId=4020059f-6114-4505-9ce5-f3011dbdf6d9","traceId":"4020059f-6114-4505-9ce5-f3011dbdf6d9"}
{"@timestamp":"2026-09-08T10:34:41.0780018+05:30","level":"INFO","logger_name":"com.npst.observability.controller.AuditController","thread_name":"http-nio-8081-exec-1","message":"method=GET uri=/api/v1/hello status=200 duration=0ms","traceId":"4020059f-6114-4505-9ce5-f3011dbdf6d9"}
{"@timestamp":"2026-09-08T10:34:41.079689405+05:30","level":"INFO","logger_name":"com.npst.observability.interceptor.LoggingInterceptor","thread_name":"http-nio-8080-exec-4","message":"Request Completed : status=200 duration=6ms traceId=4020059f-6114-4505-9ce5-f3011dbdf6d9","traceId":"4020059f-6114-4505-9ce5-f3011dbdf6d9"}
{"@timestamp":"2026-09-08T10:34:41.083163747+05:30","level":"INFO","logger_name":"com.npst.observability.interceptor.LoggingInterceptor","thread_name":"http-nio-8081-exec-2","message":"Request Started : method=POST uri = /api/v1/audit traceId=4020059f-6114-4505-9ce5-f3011dbdf6d9","traceId":"4020059f-6114-4505-9ce5-f3011dbdf6d9"}
{"@timestamp":"2026-09-08T10:34:41.08392808+05:30","level":"INFO","logger_name":"com.npst.observability.controller.AuditController","thread_name":"http-nio-8081-exec-2","message":"AUDIT_EVENT_RECEIVED","traceId":"4020059f-6114-4505-9ce5-f3011dbdf6d9"}
{"@timestamp":"2026-09-08T10:34:41.084016887+05:30","level":"INFO","logger_name":"com.npst.observability.controller.AuditController","thread_name":"http-nio-8081-exec-2","message":"traceId=4020059f-6114-4505-9ce5-f3011dbdf6d9","traceId":"4020059f-6114-4505-9ce5-f3011dbdf6d9"}
{"@timestamp":"2026-09-08T10:34:41.084083194+05:30","level":"INFO","logger_name":"com.npst.observability.controller.AuditController","thread_name":"http-nio-8081-exec-2","message":"method=GET uri=/api/v1/hello status=200 duration=6ms","traceId":"4020059f-6114-4505-9ce5-f3011dbdf6d9"}
{"@timestamp":"2026-09-08T10:34:41.493852666+05:30","level":"INFO","logger_name":"com.npst.observability.interceptor.LoggingInterceptor","thread_name":"http-nio-8080-exec-5","message":"Request Started : method=GET uri = /api/v1/hello traceId=01129674-0a6f-41d9-a43f-d568e730ffb6","traceId":"01129674-0a6f-41d9-a43f-d568e730ffb6"}
{"@timestamp":"2026-09-08T10:34:41.494554565+05:30","level":"INFO","logger_name":"com.npst.observability.logger.CommonLoggerImpl","thread_name":"http-nio-8080-exec-5","message":"{\"timestamp\":\"2026-09-08T05:04:41.494340510Z\",\"traceId\":\"01129674-0a6f-41d9-a43f-d568e730ffb6\",\"serviceName\":\"sample-bank-app\",\"eventType\":\"APPLICATION\",\"level\":\"INFO\",\"message\":\"Hello endpoint invoked\",\"endpoint\":null,\"method\":null,\"metadata\":{\"version\":\"1.0\",\"module\":\"HELLO\"}}","traceId":"01129674-0a6f-41d9-a43f-d568e730ffb6"}
{"@timestamp":"2026-09-08T10:34:41.49830484+05:30","level":"INFO","logger_name":"com.npst.observability.interceptor.LoggingInterceptor","thread_name":"http-nio-8081-exec-3","message":"Request Started : method=POST uri = /api/v1/audit traceId=01129674-0a6f-41d9-a43f-d568e730ffb6","traceId":"01129674-0a6f-41d9-a43f-d568e730ffb6"}
{"@timestamp":"2026-09-08T10:34:41.499347696+05:30","level":"INFO","logger_name":"com.npst.observability.controller.AuditController","thread_name":"http-nio-8081-exec-3","message":"AUDIT_EVENT_RECEIVED","traceId":"01129674-0a6f-41d9-a43f-d568e730ffb6"}
{"@timestamp":"2026-09-08T10:34:41.499609189+05:30","level":"INFO","logger_name":"com.npst.observability.controller.AuditController","thread_name":"http-nio-8081-exec-3","message":"traceId=01129674-0a6f-41d9-a43f-d568e730ffb6","traceId":"01129674-0a6f-41d9-a43f-d568e730ffb6"}
{"@timestamp":"2026-09-08T10:34:41.499683117+05:30","level":"INFO","logger_name":"com.npst.observability.controller.AuditController","thread_name":"http-nio-8081-exec-3","message":"method=GET uri=/api/v1/hello status=200 duration=0ms","traceId":"01129674-0a6f-41d9-a43f-d568e730ffb6"}
{"@timestamp":"2026-09-08T10:34:41.50208293+05:30","level":"INFO","logger_name":"com.npst.observability.interceptor.LoggingInterceptor","thread_name":"http-nio-8080-exec-5","message":"Request Completed : status=200 duration=9ms traceId=01129674-0a6f-41d9-a43f-d568e730ffb6","traceId":"01129674-0a6f-41d9-a43f-d568e730ffb6"}
{"@timestamp":"2026-09-08T10:34:41.506847616+05:30","level":"INFO","logger_name":"com.npst.observability.interceptor.LoggingInterceptor","thread_name":"http-nio-8081-exec-4","message":"Request Started : method=POST uri = /api/v1/audit traceId=01129674-0a6f-41d9-a43f-d568e730ffb6","traceId":"01129674-0a6f-41d9-a43f-d568e730ffb6"}
{"@timestamp":"2026-09-08T10:34:41.508026609+05:30","level":"INFO","logger_name":"com.npst.observability.controller.AuditController","thread_name":"http-nio-8081-exec-4","message":"AUDIT_EVENT_RECEIVED","traceId":"01129674-0a6f-41d9-a43f-d568e730ffb6"}
{"@timestamp":"2026-09-08T10:34:41.508324379+05:30","level":"INFO","logger_name":"com.npst.observability.controller.AuditController","thread_name":"http-nio-8081-exec-4","message":"traceId=01129674-0a6f-41d9-a43f-d568e730ffb6","traceId":"01129674-0a6f-41d9-a43f-d568e730ffb6"}
{"@timestamp":"2026-09-08T10:34:41.508497746+05:30","level":"INFO","logger_name":"com.npst.observability.controller.AuditController","thread_name":"http-nio-8081-exec-4","message":"method=GET uri=/api/v1/hello status=200 duration=9ms","traceId":"01129674-0a6f-41d9-a43f-d568e730ffb6"}
{"@timestamp":"2026-09-08T10:34:41.642255787+05:30","level":"INFO","logger_name":"com.npst.observability.interceptor.LoggingInterceptor","thread_name":"http-nio-8080-exec-6","message":"Request Started : method=GET uri = /api/v1/hello traceId=7884fb80-e778-49d8-86de-52a396891109","traceId":"7884fb80-e778-49d8-86de-52a396891109"}
{"@timestamp":"2026-09-08T10:34:41.6429318+05:30","level":"INFO","logger_name":"com.npst.observability.logger.CommonLoggerImpl","thread_name":"http-nio-8080-exec-6","message":"{\"timestamp\":\"2026-09-08T05:04:41.642735985Z\",\"traceId\":\"7884fb80-e778-49d8-86de-52a396891109\",\"serviceName\":\"sample-bank-app\",\"eventType\":\"APPLICATION\",\"level\":\"INFO\",\"message\":\"Hello endpoint invoked\",\"endpoint\":null,\"method\":null,\"metadata\":{\"version\":\"1.0\",\"module\":\"HELLO\"}}","traceId":"7884fb80-e778-49d8-86de-52a396891109"}
{"@timestamp":"2026-09-08T10:34:41.64627041+05:30","level":"INFO","logger_name":"com.npst.observability.interceptor.LoggingInterceptor","thread_name":"http-nio-8081-exec-5","message":"Request Started : method=POST uri = /api/v1/audit traceId=7884fb80-e778-49d8-86de-52a396891109","traceId":"7884fb80-e778-49d8-86de-52a396891109"}
{"@timestamp":"2026-09-08T10:34:41.647019882+05:30","level":"INFO","logger_name":"com.npst.observability.controller.AuditController","thread_name":"http-nio-8081-exec-5","message":"AUDIT_EVENT_RECEIVED","traceId":"7884fb80-e778-49d8-86de-52a396891109"}
{"@timestamp":"2026-09-08T10:34:41.647087956+05:30","level":"INFO","logger_name":"com.npst.observability.controller.AuditController","thread_name":"http-nio-8081-exec-5","message":"traceId=7884fb80-e778-49d8-86de-52a396891109","traceId":"7884fb80-e778-49d8-86de-52a396891109"}
{"@timestamp":"2026-09-08T10:34:41.647131448+05:30","level":"INFO","logger_name":"com.npst.observability.controller.AuditController","thread_name":"http-nio-8081-exec-5","message":"method=GET uri=/api/v1/hello status=200 duration=0ms","traceId":"7884fb80-e778-49d8-86de-52a396891109"}
{"@timestamp":"2026-09-08T10:34:41.648910646+05:30","level":"INFO","logger_name":"com.npst.observability.interceptor.LoggingInterceptor","thread_name":"http-nio-8080-exec-6","message":"Request Completed : status=200 duration=6ms traceId=7884fb80-e778-49d8-86de-52a396891109","traceId":"7884fb80-e778-49d8-86de-52a396891109"}
{"@timestamp":"2026-09-08T10:34:41.652849331+05:30","level":"INFO","logger_name":"com.npst.observability.interceptor.LoggingInterceptor","thread_name":"http-nio-8081-exec-6","message":"Request Started : method=POST uri = /api/v1/audit traceId=7884fb80-e778-49d8-86de-52a396891109","traceId":"7884fb80-e778-49d8-86de-52a396891109"}
{"@timestamp":"2026-09-08T10:34:41.653923452+05:30","level":"INFO","logger_name":"com.npst.observability.controller.AuditController","thread_name":"http-nio-8081-exec-6","message":"AUDIT_EVENT_RECEIVED","traceId":"7884fb80-e778-49d8-86de-52a396891109"}
{"@timestamp":"2026-09-08T10:34:41.654165739+05:30","level":"INFO","logger_name":"com.npst.observability.controller.AuditController","thread_name":"http-nio-8081-exec-6","message":"traceId=7884fb80-e778-49d8-86de-52a396891109","traceId":"7884fb80-e778-49d8-86de-52a396891109"}
{"@timestamp":"2026-09-08T10:34:41.654250094+05:30","level":"INFO","logger_name":"com.npst.observability.controller.AuditController","thread_name":"http-nio-8081-exec-6","message":"method=GET uri=/api/v1/hello status=200 duration=6ms","traceId":"7884fb80-e778-49d8-86de-52a396891109"}
{"@timestamp":"2026-09-08T10:34:41.790246689+05:30","level":"INFO","logger_name":"com.npst.observability.interceptor.LoggingInterceptor","thread_name":"http-nio-8080-exec-7","message":"Request Started : method=GET uri = /api/v1/hello traceId=84bf2005-a120-43a9-98a5-c13d44fd1e85","traceId":"84bf2005-a120-43a9-98a5-c13d44fd1e85"}
{"@timestamp":"2026-09-08T10:34:41.790661425+05:30","level":"INFO","logger_name":"com.npst.observability.logger.CommonLoggerImpl","thread_name":"http-nio-8080-exec-7","message":"{\"timestamp\":\"2026-09-08T05:04:41.790550929Z\",\"traceId\":\"84bf2005-a120-43a9-98a5-c13d44fd1e85\",\"serviceName\":\"sample-bank-app\",\"eventType\":\"APPLICATION\",\"level\":\"INFO\",\"message\":\"Hello endpoint invoked\",\"endpoint\":null,\"method\":null,\"metadata\":{\"version\":\"1.0\",\"module\":\"HELLO\"}}","traceId":"84bf2005-a120-43a9-98a5-c13d44fd1e85"}
{"@timestamp":"2026-09-08T10:34:41.793522862+05:30","level":"INFO","logger_name":"com.npst.observability.interceptor.LoggingInterceptor","thread_name":"http-nio-8081-exec-7","message":"Request Started : method=POST uri = /api/v1/audit traceId=84bf2005-a120-43a9-98a5-c13d44fd1e85","traceId":"84bf2005-a120-43a9-98a5-c13d44fd1e85"}
{"@timestamp":"2026-09-08T10:34:41.794172472+05:30","level":"INFO","logger_name":"com.npst.observability.controller.AuditController","thread_name":"http-nio-8081-exec-7","message":"AUDIT_EVENT_RECEIVED","traceId":"84bf2005-a120-43a9-98a5-c13d44fd1e85"}
{"@timestamp":"2026-09-08T10:34:41.794255789+05:30","level":"INFO","logger_name":"com.npst.observability.controller.AuditController","thread_name":"http-nio-8081-exec-7","message":"traceId=84bf2005-a120-43a9-98a5-c13d44fd1e85","traceId":"84bf2005-a120-43a9-98a5-c13d44fd1e85"}
{"@timestamp":"2026-09-08T10:34:41.794293853+05:30","level":"INFO","logger_name":"com.npst.observability.controller.AuditController","thread_name":"http-nio-8081-exec-7","message":"method=GET uri=/api/v1/hello status=200 duration=0ms","traceId":"84bf2005-a120-43a9-98a5-c13d44fd1e85"}
{"@timestamp":"2026-09-08T10:34:41.795712365+05:30","level":"INFO","logger_name":"com.npst.observability.interceptor.LoggingInterceptor","thread_name":"http-nio-8080-exec-7","message":"Request Completed : status=200 duration=5ms traceId=84bf2005-a120-43a9-98a5-c13d44fd1e85","traceId":"84bf2005-a120-43a9-98a5-c13d44fd1e85"}
{"@timestamp":"2026-09-08T10:34:41.799092368+05:30","level":"INFO","logger_name":"com.npst.observability.interceptor.LoggingInterceptor","thread_name":"http-nio-8081-exec-8","message":"Request Started : method=POST uri = /api/v1/audit traceId=84bf2005-a120-43a9-98a5-c13d44fd1e85","traceId":"84bf2005-a120-43a9-98a5-c13d44fd1e85"}
{"@timestamp":"2026-09-08T10:34:41.800249902+05:30","level":"INFO","logger_name":"com.npst.observability.controller.AuditController","thread_name":"http-nio-8081-exec-8","message":"AUDIT_EVENT_RECEIVED","traceId":"84bf2005-a120-43a9-98a5-c13d44fd1e85"}
{"@timestamp":"2026-09-08T10:34:41.800524298+05:30","level":"INFO","logger_name":"com.npst.observability.controller.AuditController","thread_name":"http-nio-8081-exec-8","message":"traceId=84bf2005-a120-43a9-98a5-c13d44fd1e85","traceId":"84bf2005-a120-43a9-98a5-c13d44fd1e85"}
{"@timestamp":"2026-09-08T10:34:41.800635146+05:30","level":"INFO","logger_name":"com.npst.observability.controller.AuditController","thread_name":"http-nio-8081-exec-8","message":"method=GET uri=/api/v1/hello status=200 duration=5ms","traceId":"84bf2005-a120-43a9-98a5-c13d44fd1e85"}
{"@timestamp":"2026-09-08T10:34:41.938985945+05:30","level":"INFO","logger_name":"com.npst.observability.interceptor.LoggingInterceptor","thread_name":"http-nio-8080-exec-8","message":"Request Started : method=GET uri = /api/v1/hello traceId=5db8fe19-7746-4ded-becf-5a8c5f4e84ca","traceId":"5db8fe19-7746-4ded-becf-5a8c5f4e84ca"}
{"@timestamp":"2026-09-08T10:34:41.939433654+05:30","level":"INFO","logger_name":"com.npst.observability.logger.CommonLoggerImpl","thread_name":"http-nio-8080-exec-8","message":"{\"timestamp\":\"2026-09-08T05:04:41.939308323Z\",\"traceId\":\"5db8fe19-7746-4ded-becf-5a8c5f4e84ca\",\"serviceName\":\"sample-bank-app\",\"eventType\":\"APPLICATION\",\"level\":\"INFO\",\"message\":\"Hello endpoint invoked\",\"endpoint\":null,\"method\":null,\"metadata\":{\"version\":\"1.0\",\"module\":\"HELLO\"}}","traceId":"5db8fe19-7746-4ded-becf-5a8c5f4e84ca"}
{"@timestamp":"2026-09-08T10:34:41.942531833+05:30","level":"INFO","logger_name":"com.npst.observability.interceptor.LoggingInterceptor","thread_name":"http-nio-8081-exec-9","message":"Request Started : method=POST uri = /api/v1/audit traceId=5db8fe19-7746-4ded-becf-5a8c5f4e84ca","traceId":"5db8fe19-7746-4ded-becf-5a8c5f4e84ca"}
{"@timestamp":"2026-09-08T10:34:41.943466672+05:30","level":"INFO","logger_name":"com.npst.observability.controller.AuditController","thread_name":"http-nio-8081-exec-9","message":"AUDIT_EVENT_RECEIVED","traceId":"5db8fe19-7746-4ded-becf-5a8c5f4e84ca"}
{"@timestamp":"2026-09-08T10:34:41.94362764+05:30","level":"INFO","logger_name":"com.npst.observability.controller.AuditController","thread_name":"http-nio-8081-exec-9","message":"traceId=5db8fe19-7746-4ded-becf-5a8c5f4e84ca","traceId":"5db8fe19-7746-4ded-becf-5a8c5f4e84ca"}
{"@timestamp":"2026-09-08T10:34:41.943686264+05:30","level":"INFO","logger_name":"com.npst.observability.controller.AuditController","thread_name":"http-nio-8081-exec-9","message":"method=GET uri=/api/v1/hello status=200 duration=0ms","traceId":"5db8fe19-7746-4ded-becf-5a8c5f4e84ca"}
{"@timestamp":"2026-09-08T10:34:41.945564874+05:30","level":"INFO","logger_name":"com.npst.observability.interceptor.LoggingInterceptor","thread_name":"http-nio-8080-exec-8","message":"Request Completed : status=200 duration=7ms traceId=5db8fe19-7746-4ded-becf-5a8c5f4e84ca","traceId":"5db8fe19-7746-4ded-becf-5a8c5f4e84ca"}
{"@timestamp":"2026-09-08T10:34:41.949233014+05:30","level":"INFO","logger_name":"com.npst.observability.interceptor.LoggingInterceptor","thread_name":"http-nio-8081-exec-10","message":"Request Started : method=POST uri = /api/v1/audit traceId=5db8fe19-7746-4ded-becf-5a8c5f4e84ca","traceId":"5db8fe19-7746-4ded-becf-5a8c5f4e84ca"}
{"@timestamp":"2026-09-08T10:34:41.949893561+05:30","level":"INFO","logger_name":"com.npst.observability.controller.AuditController","thread_name":"http-nio-8081-exec-10","message":"AUDIT_EVENT_RECEIVED","traceId":"5db8fe19-7746-4ded-becf-5a8c5f4e84ca"}
{"@timestamp":"2026-09-08T10:34:41.949972501+05:30","level":"INFO","logger_name":"com.npst.observability.controller.AuditController","thread_name":"http-nio-8081-exec-10","message":"traceId=5db8fe19-7746-4ded-becf-5a8c5f4e84ca","traceId":"5db8fe19-7746-4ded-becf-5a8c5f4e84ca"}
{"@timestamp":"2026-09-08T10:34:41.950011538+05:30","level":"INFO","logger_name":"com.npst.observability.controller.AuditController","thread_name":"http-nio-8081-exec-10","message":"method=GET uri=/api/v1/hello status=200 duration=7ms","traceId":"5db8fe19-7746-4ded-becf-5a8c5f4e84ca"}
{"@timestamp":"2026-09-08T10:34:42.080607227+05:30","level":"INFO","logger_name":"com.npst.observability.interceptor.LoggingInterceptor","thread_name":"http-nio-8080-exec-9","message":"Request Started : method=GET uri = /api/v1/hello traceId=fd9b0ea0-782d-4890-94fe-6e4eada86616","traceId":"fd9b0ea0-782d-4890-94fe-6e4eada86616"}
{"@timestamp":"2026-09-08T10:34:42.081388569+05:30","level":"INFO","logger_name":"com.npst.observability.logger.CommonLoggerImpl","thread_name":"http-nio-8080-exec-9","message":"{\"timestamp\":\"2026-09-08T05:04:42.081104363Z\",\"traceId\":\"fd9b0ea0-782d-4890-94fe-6e4eada86616\",\"serviceName\":\"sample-bank-app\",\"eventType\":\"APPLICATION\",\"level\":\"INFO\",\"message\":\"Hello endpoint invoked\",\"endpoint\":null,\"method\":null,\"metadata\":{\"version\":\"1.0\",\"module\":\"HELLO\"}}","traceId":"fd9b0ea0-782d-4890-94fe-6e4eada86616"}
{"@timestamp":"2026-09-08T10:34:42.085330279+05:30","level":"INFO","logger_name":"com.npst.observability.interceptor.LoggingInterceptor","thread_name":"http-nio-8081-exec-1","message":"Request Started : method=POST uri = /api/v1/audit traceId=fd9b0ea0-782d-4890-94fe-6e4eada86616","traceId":"fd9b0ea0-782d-4890-94fe-6e4eada86616"}
{"@timestamp":"2026-09-08T10:34:42.086378337+05:30","level":"INFO","logger_name":"com.npst.observability.controller.AuditController","thread_name":"http-nio-8081-exec-1","message":"AUDIT_EVENT_RECEIVED","traceId":"fd9b0ea0-782d-4890-94fe-6e4eada86616"}
{"@timestamp":"2026-09-08T10:34:42.086556911+05:30","level":"INFO","logger_name":"com.npst.observability.controller.AuditController","thread_name":"http-nio-8081-exec-1","message":"traceId=fd9b0ea0-782d-4890-94fe-6e4eada86616","traceId":"fd9b0ea0-782d-4890-94fe-6e4eada86616"}
{"@timestamp":"2026-09-08T10:34:42.086613826+05:30","level":"INFO","logger_name":"com.npst.observability.controller.AuditController","thread_name":"http-nio-8081-exec-1","message":"method=GET uri=/api/v1/hello status=200 duration=0ms","traceId":"fd9b0ea0-782d-4890-94fe-6e4eada86616"}
{"@timestamp":"2026-09-08T10:34:42.088814297+05:30","level":"INFO","logger_name":"com.npst.observability.interceptor.LoggingInterceptor","thread_name":"http-nio-8080-exec-9","message":"Request Completed : status=200 duration=8ms traceId=fd9b0ea0-782d-4890-94fe-6e4eada86616","traceId":"fd9b0ea0-782d-4890-94fe-6e4eada86616"}
{"@timestamp":"2026-09-08T10:34:42.093740254+05:30","level":"INFO","logger_name":"com.npst.observability.interceptor.LoggingInterceptor","thread_name":"http-nio-8081-exec-2","message":"Request Started : method=POST uri = /api/v1/audit traceId=fd9b0ea0-782d-4890-94fe-6e4eada86616","traceId":"fd9b0ea0-782d-4890-94fe-6e4eada86616"}
{"@timestamp":"2026-09-08T10:34:42.095095488+05:30","level":"INFO","logger_name":"com.npst.observability.controller.AuditController","thread_name":"http-nio-8081-exec-2","message":"AUDIT_EVENT_RECEIVED","traceId":"fd9b0ea0-782d-4890-94fe-6e4eada86616"}
{"@timestamp":"2026-09-08T10:34:42.095648099+05:30","level":"INFO","logger_name":"com.npst.observability.controller.AuditController","thread_name":"http-nio-8081-exec-2","message":"traceId=fd9b0ea0-782d-4890-94fe-6e4eada86616","traceId":"fd9b0ea0-782d-4890-94fe-6e4eada86616"}
{"@timestamp":"2026-09-08T10:34:42.096446735+05:30","level":"INFO","logger_name":"com.npst.observability.controller.AuditController","thread_name":"http-nio-8081-exec-2","message":"method=GET uri=/api/v1/hello status=200 duration=8ms","traceId":"fd9b0ea0-782d-4890-94fe-6e4eada86616"}
{"@timestamp":"2026-09-08T10:34:42.229067193+05:30","level":"INFO","logger_name":"com.npst.observability.interceptor.LoggingInterceptor","thread_name":"http-nio-8080-exec-10","message":"Request Started : method=GET uri = /api/v1/hello traceId=42b26a33-f31d-47d7-ac77-5981ab1ecd9a","traceId":"42b26a33-f31d-47d7-ac77-5981ab1ecd9a"}
{"@timestamp":"2026-09-08T10:34:42.229467386+05:30","level":"INFO","logger_name":"com.npst.observability.logger.CommonLoggerImpl","thread_name":"http-nio-8080-exec-10","message":"{\"timestamp\":\"2026-09-08T05:04:42.229329422Z\",\"traceId\":\"42b26a33-f31d-47d7-ac77-5981ab1ecd9a\",\"serviceName\":\"sample-bank-app\",\"eventType\":\"APPLICATION\",\"level\":\"INFO\",\"message\":\"Hello endpoint invoked\",\"endpoint\":null,\"method\":null,\"metadata\":{\"version\":\"1.0\",\"module\":\"HELLO\"}}","traceId":"42b26a33-f31d-47d7-ac77-5981ab1ecd9a"}
{"@timestamp":"2026-09-08T10:34:42.232714247+05:30","level":"INFO","logger_name":"com.npst.observability.interceptor.LoggingInterceptor","thread_name":"http-nio-8081-exec-3","message":"Request Started : method=POST uri = /api/v1/audit traceId=42b26a33-f31d-47d7-ac77-5981ab1ecd9a","traceId":"42b26a33-f31d-47d7-ac77-5981ab1ecd9a"}
{"@timestamp":"2026-09-08T10:34:42.233752952+05:30","level":"INFO","logger_name":"com.npst.observability.controller.AuditController","thread_name":"http-nio-8081-exec-3","message":"AUDIT_EVENT_RECEIVED","traceId":"42b26a33-f31d-47d7-ac77-5981ab1ecd9a"}
{"@timestamp":"2026-09-08T10:34:42.234019283+05:30","level":"INFO","logger_name":"com.npst.observability.controller.AuditController","thread_name":"http-nio-8081-exec-3","message":"traceId=42b26a33-f31d-47d7-ac77-5981ab1ecd9a","traceId":"42b26a33-f31d-47d7-ac77-5981ab1ecd9a"}
{"@timestamp":"2026-09-08T10:34:42.234150822+05:30","level":"INFO","logger_name":"com.npst.observability.controller.AuditController","thread_name":"http-nio-8081-exec-3","message":"method=GET uri=/api/v1/hello status=200 duration=0ms","traceId":"42b26a33-f31d-47d7-ac77-5981ab1ecd9a"}
{"@timestamp":"2026-09-08T10:34:42.236479126+05:30","level":"INFO","logger_name":"com.npst.observability.interceptor.LoggingInterceptor","thread_name":"http-nio-8080-exec-10","message":"Request Completed : status=200 duration=7ms traceId=42b26a33-f31d-47d7-ac77-5981ab1ecd9a","traceId":"42b26a33-f31d-47d7-ac77-5981ab1ecd9a"}
{"@timestamp":"2026-09-08T10:34:42.240765323+05:30","level":"INFO","logger_name":"com.npst.observability.interceptor.LoggingInterceptor","thread_name":"http-nio-8081-exec-4","message":"Request Started : method=POST uri = /api/v1/audit traceId=42b26a33-f31d-47d7-ac77-5981ab1ecd9a","traceId":"42b26a33-f31d-47d7-ac77-5981ab1ecd9a"}
{"@timestamp":"2026-09-08T10:34:42.241905314+05:30","level":"INFO","logger_name":"com.npst.observability.controller.AuditController","thread_name":"http-nio-8081-exec-4","message":"AUDIT_EVENT_RECEIVED","traceId":"42b26a33-f31d-47d7-ac77-5981ab1ecd9a"}
{"@timestamp":"2026-09-08T10:34:42.242173889+05:30","level":"INFO","logger_name":"com.npst.observability.controller.AuditController","thread_name":"http-nio-8081-exec-4","message":"traceId=42b26a33-f31d-47d7-ac77-5981ab1ecd9a","traceId":"42b26a33-f31d-47d7-ac77-5981ab1ecd9a"}
{"@timestamp":"2026-09-08T10:34:42.242284526+05:30","level":"INFO","logger_name":"com.npst.observability.controller.AuditController","thread_name":"http-nio-8081-exec-4","message":"method=GET uri=/api/v1/hello status=200 duration=7ms","traceId":"42b26a33-f31d-47d7-ac77-5981ab1ecd9a"}
{"@timestamp":"2026-09-08T10:34:42.409743879+05:30","level":"INFO","logger_name":"com.npst.observability.interceptor.LoggingInterceptor","thread_name":"http-nio-8080-exec-1","message":"Request Started : method=GET uri = /api/v1/hello traceId=84d8a4a9-0bc3-46b5-b1c8-ccf4f15b08d9","traceId":"84d8a4a9-0bc3-46b5-b1c8-ccf4f15b08d9"}
{"@timestamp":"2026-09-08T10:34:42.410158802+05:30","level":"INFO","logger_name":"com.npst.observability.logger.CommonLoggerImpl","thread_name":"http-nio-8080-exec-1","message":"{\"timestamp\":\"2026-09-08T05:04:42.410030208Z\",\"traceId\":\"84d8a4a9-0bc3-46b5-b1c8-ccf4f15b08d9\",\"serviceName\":\"sample-bank-app\",\"eventType\":\"APPLICATION\",\"level\":\"INFO\",\"message\":\"Hello endpoint invoked\",\"endpoint\":null,\"method\":null,\"metadata\":{\"version\":\"1.0\",\"module\":\"HELLO\"}}","traceId":"84d8a4a9-0bc3-46b5-b1c8-ccf4f15b08d9"}
{"@timestamp":"2026-09-08T10:34:42.413126791+05:30","level":"INFO","logger_name":"com.npst.observability.interceptor.LoggingInterceptor","thread_name":"http-nio-8081-exec-5","message":"Request Started : method=POST uri = /api/v1/audit traceId=84d8a4a9-0bc3-46b5-b1c8-ccf4f15b08d9","traceId":"84d8a4a9-0bc3-46b5-b1c8-ccf4f15b08d9"}
{"@timestamp":"2026-09-08T10:34:42.413904716+05:30","level":"INFO","logger_name":"com.npst.observability.controller.AuditController","thread_name":"http-nio-8081-exec-5","message":"AUDIT_EVENT_RECEIVED","traceId":"84d8a4a9-0bc3-46b5-b1c8-ccf4f15b08d9"}
{"@timestamp":"2026-09-08T10:34:42.414041877+05:30","level":"INFO","logger_name":"com.npst.observability.controller.AuditController","thread_name":"http-nio-8081-exec-5","message":"traceId=84d8a4a9-0bc3-46b5-b1c8-ccf4f15b08d9","traceId":"84d8a4a9-0bc3-46b5-b1c8-ccf4f15b08d9"}
{"@timestamp":"2026-09-08T10:34:42.414643673+05:30","level":"INFO","logger_name":"com.npst.observability.controller.AuditController","thread_name":"http-nio-8081-exec-5","message":"method=GET uri=/api/v1/hello status=200 duration=0ms","traceId":"84d8a4a9-0bc3-46b5-b1c8-ccf4f15b08d9"}
{"@timestamp":"2026-09-08T10:34:42.417074092+05:30","level":"INFO","logger_name":"com.npst.observability.interceptor.LoggingInterceptor","thread_name":"http-nio-8080-exec-1","message":"Request Completed : status=200 duration=8ms traceId=84d8a4a9-0bc3-46b5-b1c8-ccf4f15b08d9","traceId":"84d8a4a9-0bc3-46b5-b1c8-ccf4f15b08d9"}
{"@timestamp":"2026-09-08T10:34:42.421909197+05:30","level":"INFO","logger_name":"com.npst.observability.interceptor.LoggingInterceptor","thread_name":"http-nio-8081-exec-6","message":"Request Started : method=POST uri = /api/v1/audit traceId=84d8a4a9-0bc3-46b5-b1c8-ccf4f15b08d9","traceId":"84d8a4a9-0bc3-46b5-b1c8-ccf4f15b08d9"}
{"@timestamp":"2026-09-08T10:34:42.423394129+05:30","level":"INFO","logger_name":"com.npst.observability.controller.AuditController","thread_name":"http-nio-8081-exec-6","message":"AUDIT_EVENT_RECEIVED","traceId":"84d8a4a9-0bc3-46b5-b1c8-ccf4f15b08d9"}
{"@timestamp":"2026-09-08T10:34:42.423681467+05:30","level":"INFO","logger_name":"com.npst.observability.controller.AuditController","thread_name":"http-nio-8081-exec-6","message":"traceId=84d8a4a9-0bc3-46b5-b1c8-ccf4f15b08d9","traceId":"84d8a4a9-0bc3-46b5-b1c8-ccf4f15b08d9"}
{"@timestamp":"2026-09-08T10:34:42.423769723+05:30","level":"INFO","logger_name":"com.npst.observability.controller.AuditController","thread_name":"http-nio-8081-exec-6","message":"method=GET uri=/api/v1/hello status=200 duration=8ms","traceId":"84d8a4a9-0bc3-46b5-b1c8-ccf4f15b08d9"}
{"@timestamp":"2026-09-08T10:36:33.897501187+05:30","level":"INFO","logger_name":"com.npst.observability.interceptor.LoggingInterceptor","thread_name":"http-nio-8080-exec-6","message":"Request Started : method=GET uri = /api/v1/hello traceId=612e2af7-5ec2-4a4d-a9dd-510f93ab9a84","traceId":"612e2af7-5ec2-4a4d-a9dd-510f93ab9a84"}
{"@timestamp":"2026-09-08T10:36:33.898217701+05:30","level":"INFO","logger_name":"com.npst.observability.logger.CommonLoggerImpl","thread_name":"http-nio-8080-exec-6","message":"{\"timestamp\":\"2026-09-08T05:06:33.897993430Z\",\"traceId\":\"612e2af7-5ec2-4a4d-a9dd-510f93ab9a84\",\"serviceName\":\"sample-bank-app\",\"eventType\":\"APPLICATION\",\"level\":\"INFO\",\"message\":\"Hello endpoint invoked\",\"endpoint\":null,\"method\":null,\"metadata\":{\"version\":\"1.0\",\"module\":\"HELLO\"}}","traceId":"612e2af7-5ec2-4a4d-a9dd-510f93ab9a84"}
{"@timestamp":"2026-09-08T10:36:33.90115564+05:30","level":"INFO","logger_name":"com.npst.observability.interceptor.LoggingInterceptor","thread_name":"http-nio-8081-exec-1","message":"Request Started : method=POST uri = /api/v1/audit traceId=612e2af7-5ec2-4a4d-a9dd-510f93ab9a84","traceId":"612e2af7-5ec2-4a4d-a9dd-510f93ab9a84"}
{"@timestamp":"2026-09-08T10:36:33.902983065+05:30","level":"INFO","logger_name":"com.npst.observability.controller.AuditController","thread_name":"http-nio-8081-exec-1","message":"AUDIT_EVENT_RECEIVED","traceId":"612e2af7-5ec2-4a4d-a9dd-510f93ab9a84"}
{"@timestamp":"2026-09-08T10:36:33.903574554+05:30","level":"INFO","logger_name":"com.npst.observability.controller.AuditController","thread_name":"http-nio-8081-exec-1","message":"traceId=612e2af7-5ec2-4a4d-a9dd-510f93ab9a84","traceId":"612e2af7-5ec2-4a4d-a9dd-510f93ab9a84"}
{"@timestamp":"2026-09-08T10:36:33.904367784+05:30","level":"INFO","logger_name":"com.npst.observability.controller.AuditController","thread_name":"http-nio-8081-exec-1","message":"method=GET uri=/api/v1/hello status=200 duration=0ms","traceId":"612e2af7-5ec2-4a4d-a9dd-510f93ab9a84"}
{"@timestamp":"2026-09-08T10:36:33.909058722+05:30","level":"INFO","logger_name":"com.npst.observability.interceptor.LoggingInterceptor","thread_name":"http-nio-8080-exec-6","message":"Request Completed : status=200 duration=12ms traceId=612e2af7-5ec2-4a4d-a9dd-510f93ab9a84","traceId":"612e2af7-5ec2-4a4d-a9dd-510f93ab9a84"}
{"@timestamp":"2026-09-08T10:36:33.913045247+05:30","level":"INFO","logger_name":"com.npst.observability.interceptor.LoggingInterceptor","thread_name":"http-nio-8081-exec-2","message":"Request Started : method=POST uri = /api/v1/audit traceId=612e2af7-5ec2-4a4d-a9dd-510f93ab9a84","traceId":"612e2af7-5ec2-4a4d-a9dd-510f93ab9a84"}
{"@timestamp":"2026-09-08T10:36:33.914081181+05:30","level":"INFO","logger_name":"com.npst.observability.controller.AuditController","thread_name":"http-nio-8081-exec-2","message":"AUDIT_EVENT_RECEIVED","traceId":"612e2af7-5ec2-4a4d-a9dd-510f93ab9a84"}
{"@timestamp":"2026-09-08T10:36:33.91420622+05:30","level":"INFO","logger_name":"com.npst.observability.controller.AuditController","thread_name":"http-nio-8081-exec-2","message":"traceId=612e2af7-5ec2-4a4d-a9dd-510f93ab9a84","traceId":"612e2af7-5ec2-4a4d-a9dd-510f93ab9a84"}
{"@timestamp":"2026-09-08T10:36:33.914239548+05:30","level":"INFO","logger_name":"com.npst.observability.controller.AuditController","thread_name":"http-nio-8081-exec-2","message":"method=GET uri=/api/v1/hello status=200 duration=12ms","traceId":"612e2af7-5ec2-4a4d-a9dd-510f93ab9a84"}
{"@timestamp":"2026-09-08T10:36:34.263189281+05:30","level":"INFO","logger_name":"com.npst.observability.interceptor.LoggingInterceptor","thread_name":"http-nio-8080-exec-7","message":"Request Started : method=GET uri = /api/v1/hello traceId=d7a36190-be67-4fcb-a15d-5b0c374f64b3","traceId":"d7a36190-be67-4fcb-a15d-5b0c374f64b3"}
{"@timestamp":"2026-09-08T10:36:34.263751813+05:30","level":"INFO","logger_name":"com.npst.observability.logger.CommonLoggerImpl","thread_name":"http-nio-8080-exec-7","message":"{\"timestamp\":\"2026-09-08T05:06:34.263585799Z\",\"traceId\":\"d7a36190-be67-4fcb-a15d-5b0c374f64b3\",\"serviceName\":\"sample-bank-app\",\"eventType\":\"APPLICATION\",\"level\":\"INFO\",\"message\":\"Hello endpoint invoked\",\"endpoint\":null,\"method\":null,\"metadata\":{\"version\":\"1.0\",\"module\":\"HELLO\"}}","traceId":"d7a36190-be67-4fcb-a15d-5b0c374f64b3"}
{"@timestamp":"2026-09-08T10:36:34.266992393+05:30","level":"INFO","logger_name":"com.npst.observability.interceptor.LoggingInterceptor","thread_name":"http-nio-8081-exec-3","message":"Request Started : method=POST uri = /api/v1/audit traceId=d7a36190-be67-4fcb-a15d-5b0c374f64b3","traceId":"d7a36190-be67-4fcb-a15d-5b0c374f64b3"}
{"@timestamp":"2026-09-08T10:36:34.268073087+05:30","level":"INFO","logger_name":"com.npst.observability.controller.AuditController","thread_name":"http-nio-8081-exec-3","message":"AUDIT_EVENT_RECEIVED","traceId":"d7a36190-be67-4fcb-a15d-5b0c374f64b3"}
{"@timestamp":"2026-09-08T10:36:34.268291826+05:30","level":"INFO","logger_name":"com.npst.observability.controller.AuditController","thread_name":"http-nio-8081-exec-3","message":"traceId=d7a36190-be67-4fcb-a15d-5b0c374f64b3","traceId":"d7a36190-be67-4fcb-a15d-5b0c374f64b3"}
{"@timestamp":"2026-09-08T10:36:34.268374626+05:30","level":"INFO","logger_name":"com.npst.observability.controller.AuditController","thread_name":"http-nio-8081-exec-3","message":"method=GET uri=/api/v1/hello status=200 duration=0ms","traceId":"d7a36190-be67-4fcb-a15d-5b0c374f64b3"}
{"@timestamp":"2026-09-08T10:36:34.270108469+05:30","level":"INFO","logger_name":"com.npst.observability.interceptor.LoggingInterceptor","thread_name":"http-nio-8080-exec-7","message":"Request Completed : status=200 duration=7ms traceId=d7a36190-be67-4fcb-a15d-5b0c374f64b3","traceId":"d7a36190-be67-4fcb-a15d-5b0c374f64b3"}
{"@timestamp":"2026-09-08T10:36:34.27331894+05:30","level":"INFO","logger_name":"com.npst.observability.interceptor.LoggingInterceptor","thread_name":"http-nio-8081-exec-4","message":"Request Started : method=POST uri = /api/v1/audit traceId=d7a36190-be67-4fcb-a15d-5b0c374f64b3","traceId":"d7a36190-be67-4fcb-a15d-5b0c374f64b3"}
{"@timestamp":"2026-09-08T10:36:34.274331553+05:30","level":"INFO","logger_name":"com.npst.observability.controller.AuditController","thread_name":"http-nio-8081-exec-4","message":"AUDIT_EVENT_RECEIVED","traceId":"d7a36190-be67-4fcb-a15d-5b0c374f64b3"}
{"@timestamp":"2026-09-08T10:36:34.274589832+05:30","level":"INFO","logger_name":"com.npst.observability.controller.AuditController","thread_name":"http-nio-8081-exec-4","message":"traceId=d7a36190-be67-4fcb-a15d-5b0c374f64b3","traceId":"d7a36190-be67-4fcb-a15d-5b0c374f64b3"}
{"@timestamp":"2026-09-08T10:36:34.274692312+05:30","level":"INFO","logger_name":"com.npst.observability.controller.AuditController","thread_name":"http-nio-8081-exec-4","message":"method=GET uri=/api/v1/hello status=200 duration=7ms","traceId":"d7a36190-be67-4fcb-a15d-5b0c374f64b3"}
{"@timestamp":"2026-09-08T10:36:34.592223388+05:30","level":"INFO","logger_name":"com.npst.observability.interceptor.LoggingInterceptor","thread_name":"http-nio-8080-exec-8","message":"Request Started : method=GET uri = /api/v1/hello traceId=282fd5d0-3168-4cbb-b9f5-358e46e29c37","traceId":"282fd5d0-3168-4cbb-b9f5-358e46e29c37"}
{"@timestamp":"2026-09-08T10:36:34.592958458+05:30","level":"INFO","logger_name":"com.npst.observability.logger.CommonLoggerImpl","thread_name":"http-nio-8080-exec-8","message":"{\"timestamp\":\"2026-09-08T05:06:34.592717191Z\",\"traceId\":\"282fd5d0-3168-4cbb-b9f5-358e46e29c37\",\"serviceName\":\"sample-bank-app\",\"eventType\":\"APPLICATION\",\"level\":\"INFO\",\"message\":\"Hello endpoint invoked\",\"endpoint\":null,\"method\":null,\"metadata\":{\"version\":\"1.0\",\"module\":\"HELLO\"}}","traceId":"282fd5d0-3168-4cbb-b9f5-358e46e29c37"}
{"@timestamp":"2026-09-08T10:36:34.596318907+05:30","level":"INFO","logger_name":"com.npst.observability.interceptor.LoggingInterceptor","thread_name":"http-nio-8081-exec-5","message":"Request Started : method=POST uri = /api/v1/audit traceId=282fd5d0-3168-4cbb-b9f5-358e46e29c37","traceId":"282fd5d0-3168-4cbb-b9f5-358e46e29c37"}
{"@timestamp":"2026-09-08T10:36:34.597837506+05:30","level":"INFO","logger_name":"com.npst.observability.controller.AuditController","thread_name":"http-nio-8081-exec-5","message":"AUDIT_EVENT_RECEIVED","traceId":"282fd5d0-3168-4cbb-b9f5-358e46e29c37"}
{"@timestamp":"2026-09-08T10:36:34.598243607+05:30","level":"INFO","logger_name":"com.npst.observability.controller.AuditController","thread_name":"http-nio-8081-exec-5","message":"traceId=282fd5d0-3168-4cbb-b9f5-358e46e29c37","traceId":"282fd5d0-3168-4cbb-b9f5-358e46e29c37"}
{"@timestamp":"2026-09-08T10:36:34.59845057+05:30","level":"INFO","logger_name":"com.npst.observability.controller.AuditController","thread_name":"http-nio-8081-exec-5","message":"method=GET uri=/api/v1/hello status=200 duration=0ms","traceId":"282fd5d0-3168-4cbb-b9f5-358e46e29c37"}
{"@timestamp":"2026-09-08T10:36:34.600592115+05:30","level":"INFO","logger_name":"com.npst.observability.interceptor.LoggingInterceptor","thread_name":"http-nio-8080-exec-8","message":"Request Completed : status=200 duration=8ms traceId=282fd5d0-3168-4cbb-b9f5-358e46e29c37","traceId":"282fd5d0-3168-4cbb-b9f5-358e46e29c37"}
{"@timestamp":"2026-09-08T10:36:34.604573439+05:30","level":"INFO","logger_name":"com.npst.observability.interceptor.LoggingInterceptor","thread_name":"http-nio-8081-exec-6","message":"Request Started : method=POST uri = /api/v1/audit traceId=282fd5d0-3168-4cbb-b9f5-358e46e29c37","traceId":"282fd5d0-3168-4cbb-b9f5-358e46e29c37"}
{"@timestamp":"2026-09-08T10:36:34.605977961+05:30","level":"INFO","logger_name":"com.npst.observability.controller.AuditController","thread_name":"http-nio-8081-exec-6","message":"AUDIT_EVENT_RECEIVED","traceId":"282fd5d0-3168-4cbb-b9f5-358e46e29c37"}
{"@timestamp":"2026-09-08T10:36:34.60629213+05:30","level":"INFO","logger_name":"com.npst.observability.controller.AuditController","thread_name":"http-nio-8081-exec-6","message":"traceId=282fd5d0-3168-4cbb-b9f5-358e46e29c37","traceId":"282fd5d0-3168-4cbb-b9f5-358e46e29c37"}
{"@timestamp":"2026-09-08T10:36:34.607205172+05:30","level":"INFO","logger_name":"com.npst.observability.controller.AuditController","thread_name":"http-nio-8081-exec-6","message":"method=GET uri=/api/v1/hello status=200 duration=8ms","traceId":"282fd5d0-3168-4cbb-b9f5-358e46e29c37"}
{"@timestamp":"2026-09-08T10:36:34.883444924+05:30","level":"INFO","logger_name":"com.npst.observability.interceptor.LoggingInterceptor","thread_name":"http-nio-8080-exec-9","message":"Request Started : method=GET uri = /api/v1/hello traceId=b089e87f-15d6-4797-ae06-5abe808c93e2","traceId":"b089e87f-15d6-4797-ae06-5abe808c93e2"}
{"@timestamp":"2026-09-08T10:36:34.884007367+05:30","level":"INFO","logger_name":"com.npst.observability.logger.CommonLoggerImpl","thread_name":"http-nio-8080-exec-9","message":"{\"timestamp\":\"2026-09-08T05:06:34.883795937Z\",\"traceId\":\"b089e87f-15d6-4797-ae06-5abe808c93e2\",\"serviceName\":\"sample-bank-app\",\"eventType\":\"APPLICATION\",\"level\":\"INFO\",\"message\":\"Hello endpoint invoked\",\"endpoint\":null,\"method\":null,\"metadata\":{\"version\":\"1.0\",\"module\":\"HELLO\"}}","traceId":"b089e87f-15d6-4797-ae06-5abe808c93e2"}
{"@timestamp":"2026-09-08T10:36:34.887409764+05:30","level":"INFO","logger_name":"com.npst.observability.interceptor.LoggingInterceptor","thread_name":"http-nio-8081-exec-7","message":"Request Started : method=POST uri = /api/v1/audit traceId=b089e87f-15d6-4797-ae06-5abe808c93e2","traceId":"b089e87f-15d6-4797-ae06-5abe808c93e2"}
{"@timestamp":"2026-09-08T10:36:34.888318657+05:30","level":"INFO","logger_name":"com.npst.observability.controller.AuditController","thread_name":"http-nio-8081-exec-7","message":"AUDIT_EVENT_RECEIVED","traceId":"b089e87f-15d6-4797-ae06-5abe808c93e2"}
{"@timestamp":"2026-09-08T10:36:34.888495451+05:30","level":"INFO","logger_name":"com.npst.observability.controller.AuditController","thread_name":"http-nio-8081-exec-7","message":"traceId=b089e87f-15d6-4797-ae06-5abe808c93e2","traceId":"b089e87f-15d6-4797-ae06-5abe808c93e2"}
{"@timestamp":"2026-09-08T10:36:34.888545914+05:30","level":"INFO","logger_name":"com.npst.observability.controller.AuditController","thread_name":"http-nio-8081-exec-7","message":"method=GET uri=/api/v1/hello status=200 duration=0ms","traceId":"b089e87f-15d6-4797-ae06-5abe808c93e2"}
{"@timestamp":"2026-09-08T10:36:34.890152046+05:30","level":"INFO","logger_name":"com.npst.observability.interceptor.LoggingInterceptor","thread_name":"http-nio-8080-exec-9","message":"Request Completed : status=200 duration=7ms traceId=b089e87f-15d6-4797-ae06-5abe808c93e2","traceId":"b089e87f-15d6-4797-ae06-5abe808c93e2"}
{"@timestamp":"2026-09-08T10:36:34.893504407+05:30","level":"INFO","logger_name":"com.npst.observability.interceptor.LoggingInterceptor","thread_name":"http-nio-8081-exec-8","message":"Request Started : method=POST uri = /api/v1/audit traceId=b089e87f-15d6-4797-ae06-5abe808c93e2","traceId":"b089e87f-15d6-4797-ae06-5abe808c93e2"}
{"@timestamp":"2026-09-08T10:36:34.894717408+05:30","level":"INFO","logger_name":"com.npst.observability.controller.AuditController","thread_name":"http-nio-8081-exec-8","message":"AUDIT_EVENT_RECEIVED","traceId":"b089e87f-15d6-4797-ae06-5abe808c93e2"}
{"@timestamp":"2026-09-08T10:36:34.894922248+05:30","level":"INFO","logger_name":"com.npst.observability.controller.AuditController","thread_name":"http-nio-8081-exec-8","message":"traceId=b089e87f-15d6-4797-ae06-5abe808c93e2","traceId":"b089e87f-15d6-4797-ae06-5abe808c93e2"}
{"@timestamp":"2026-09-08T10:36:34.894970329+05:30","level":"INFO","logger_name":"com.npst.observability.controller.AuditController","thread_name":"http-nio-8081-exec-8","message":"method=GET uri=/api/v1/hello status=200 duration=7ms","traceId":"b089e87f-15d6-4797-ae06-5abe808c93e2"}
{"@timestamp":"2026-09-08T10:36:35.168967423+05:30","level":"INFO","logger_name":"com.npst.observability.interceptor.LoggingInterceptor","thread_name":"http-nio-8080-exec-10","message":"Request Started : method=GET uri = /api/v1/hello traceId=f118effe-34bb-4764-83e0-0f0522e00179","traceId":"f118effe-34bb-4764-83e0-0f0522e00179"}
{"@timestamp":"2026-09-08T10:36:35.169333605+05:30","level":"INFO","logger_name":"com.npst.observability.logger.CommonLoggerImpl","thread_name":"http-nio-8080-exec-10","message":"{\"timestamp\":\"2026-09-08T05:06:35.169216654Z\",\"traceId\":\"f118effe-34bb-4764-83e0-0f0522e00179\",\"serviceName\":\"sample-bank-app\",\"eventType\":\"APPLICATION\",\"level\":\"INFO\",\"message\":\"Hello endpoint invoked\",\"endpoint\":null,\"method\":null,\"metadata\":{\"version\":\"1.0\",\"module\":\"HELLO\"}}","traceId":"f118effe-34bb-4764-83e0-0f0522e00179"}
{"@timestamp":"2026-09-08T10:36:35.171841925+05:30","level":"INFO","logger_name":"com.npst.observability.interceptor.LoggingInterceptor","thread_name":"http-nio-8081-exec-9","message":"Request Started : method=POST uri = /api/v1/audit traceId=f118effe-34bb-4764-83e0-0f0522e00179","traceId":"f118effe-34bb-4764-83e0-0f0522e00179"}
{"@timestamp":"2026-09-08T10:36:35.172474732+05:30","level":"INFO","logger_name":"com.npst.observability.controller.AuditController","thread_name":"http-nio-8081-exec-9","message":"AUDIT_EVENT_RECEIVED","traceId":"f118effe-34bb-4764-83e0-0f0522e00179"}
{"@timestamp":"2026-09-08T10:36:35.172524872+05:30","level":"INFO","logger_name":"com.npst.observability.controller.AuditController","thread_name":"http-nio-8081-exec-9","message":"traceId=f118effe-34bb-4764-83e0-0f0522e00179","traceId":"f118effe-34bb-4764-83e0-0f0522e00179"}
{"@timestamp":"2026-09-08T10:36:35.172550293+05:30","level":"INFO","logger_name":"com.npst.observability.controller.AuditController","thread_name":"http-nio-8081-exec-9","message":"method=GET uri=/api/v1/hello status=200 duration=0ms","traceId":"f118effe-34bb-4764-83e0-0f0522e00179"}
{"@timestamp":"2026-09-08T10:36:35.173665089+05:30","level":"INFO","logger_name":"com.npst.observability.interceptor.LoggingInterceptor","thread_name":"http-nio-8080-exec-10","message":"Request Completed : status=200 duration=5ms traceId=f118effe-34bb-4764-83e0-0f0522e00179","traceId":"f118effe-34bb-4764-83e0-0f0522e00179"}
{"@timestamp":"2026-09-08T10:36:35.176267184+05:30","level":"INFO","logger_name":"com.npst.observability.interceptor.LoggingInterceptor","thread_name":"http-nio-8081-exec-10","message":"Request Started : method=POST uri = /api/v1/audit traceId=f118effe-34bb-4764-83e0-0f0522e00179","traceId":"f118effe-34bb-4764-83e0-0f0522e00179"}
{"@timestamp":"2026-09-08T10:36:35.176814978+05:30","level":"INFO","logger_name":"com.npst.observability.controller.AuditController","thread_name":"http-nio-8081-exec-10","message":"AUDIT_EVENT_RECEIVED","traceId":"f118effe-34bb-4764-83e0-0f0522e00179"}
{"@timestamp":"2026-09-08T10:36:35.176867663+05:30","level":"INFO","logger_name":"com.npst.observability.controller.AuditController","thread_name":"http-nio-8081-exec-10","message":"traceId=f118effe-34bb-4764-83e0-0f0522e00179","traceId":"f118effe-34bb-4764-83e0-0f0522e00179"}
{"@timestamp":"2026-09-08T10:36:35.176892686+05:30","level":"INFO","logger_name":"com.npst.observability.controller.AuditController","thread_name":"http-nio-8081-exec-10","message":"method=GET uri=/api/v1/hello status=200 duration=5ms","traceId":"f118effe-34bb-4764-83e0-0f0522e00179"}
{"@timestamp":"2026-09-08T10:36:35.352577302+05:30","level":"INFO","logger_name":"com.npst.observability.interceptor.LoggingInterceptor","thread_name":"http-nio-8080-exec-1","message":"Request Started : method=GET uri = /api/v1/hello traceId=55119131-03d3-42a1-9133-5723883737c0","traceId":"55119131-03d3-42a1-9133-5723883737c0"}
{"@timestamp":"2026-09-08T10:36:35.352931464+05:30","level":"INFO","logger_name":"com.npst.observability.logger.CommonLoggerImpl","thread_name":"http-nio-8080-exec-1","message":"{\"timestamp\":\"2026-09-08T05:06:35.352810245Z\",\"traceId\":\"55119131-03d3-42a1-9133-5723883737c0\",\"serviceName\":\"sample-bank-app\",\"eventType\":\"APPLICATION\",\"level\":\"INFO\",\"message\":\"Hello endpoint invoked\",\"endpoint\":null,\"method\":null,\"metadata\":{\"version\":\"1.0\",\"module\":\"HELLO\"}}","traceId":"55119131-03d3-42a1-9133-5723883737c0"}
{"@timestamp":"2026-09-08T10:36:35.35576853+05:30","level":"INFO","logger_name":"com.npst.observability.interceptor.LoggingInterceptor","thread_name":"http-nio-8081-exec-1","message":"Request Started : method=POST uri = /api/v1/audit traceId=55119131-03d3-42a1-9133-5723883737c0","traceId":"55119131-03d3-42a1-9133-5723883737c0"}
{"@timestamp":"2026-09-08T10:36:35.356683067+05:30","level":"INFO","logger_name":"com.npst.observability.controller.AuditController","thread_name":"http-nio-8081-exec-1","message":"AUDIT_EVENT_RECEIVED","traceId":"55119131-03d3-42a1-9133-5723883737c0"}
{"@timestamp":"2026-09-08T10:36:35.356820996+05:30","level":"INFO","logger_name":"com.npst.observability.controller.AuditController","thread_name":"http-nio-8081-exec-1","message":"traceId=55119131-03d3-42a1-9133-5723883737c0","traceId":"55119131-03d3-42a1-9133-5723883737c0"}
{"@timestamp":"2026-09-08T10:36:35.356855128+05:30","level":"INFO","logger_name":"com.npst.observability.controller.AuditController","thread_name":"http-nio-8081-exec-1","message":"method=GET uri=/api/v1/hello status=200 duration=0ms","traceId":"55119131-03d3-42a1-9133-5723883737c0"}
{"@timestamp":"2026-09-08T10:36:35.358556117+05:30","level":"INFO","logger_name":"com.npst.observability.interceptor.LoggingInterceptor","thread_name":"http-nio-8080-exec-1","message":"Request Completed : status=200 duration=6ms traceId=55119131-03d3-42a1-9133-5723883737c0","traceId":"55119131-03d3-42a1-9133-5723883737c0"}
{"@timestamp":"2026-09-08T10:36:35.361925774+05:30","level":"INFO","logger_name":"com.npst.observability.interceptor.LoggingInterceptor","thread_name":"http-nio-8081-exec-2","message":"Request Started : method=POST uri = /api/v1/audit traceId=55119131-03d3-42a1-9133-5723883737c0","traceId":"55119131-03d3-42a1-9133-5723883737c0"}
{"@timestamp":"2026-09-08T10:36:35.362608926+05:30","level":"INFO","logger_name":"com.npst.observability.controller.AuditController","thread_name":"http-nio-8081-exec-2","message":"AUDIT_EVENT_RECEIVED","traceId":"55119131-03d3-42a1-9133-5723883737c0"}
{"@timestamp":"2026-09-08T10:36:35.362716016+05:30","level":"INFO","logger_name":"com.npst.observability.controller.AuditController","thread_name":"http-nio-8081-exec-2","message":"traceId=55119131-03d3-42a1-9133-5723883737c0","traceId":"55119131-03d3-42a1-9133-5723883737c0"}
{"@timestamp":"2026-09-08T10:36:35.362752556+05:30","level":"INFO","logger_name":"com.npst.observability.controller.AuditController","thread_name":"http-nio-8081-exec-2","message":"method=GET uri=/api/v1/hello status=200 duration=6ms","traceId":"55119131-03d3-42a1-9133-5723883737c0"}
{"@timestamp":"2026-09-08T10:36:35.542985785+05:30","level":"INFO","logger_name":"com.npst.observability.interceptor.LoggingInterceptor","thread_name":"http-nio-8080-exec-2","message":"Request Started : method=GET uri = /api/v1/hello traceId=7b3f7ded-dead-4f28-bebd-86440bfb859e","traceId":"7b3f7ded-dead-4f28-bebd-86440bfb859e"}
{"@timestamp":"2026-09-08T10:36:35.543380477+05:30","level":"INFO","logger_name":"com.npst.observability.logger.CommonLoggerImpl","thread_name":"http-nio-8080-exec-2","message":"{\"timestamp\":\"2026-09-08T05:06:35.543230829Z\",\"traceId\":\"7b3f7ded-dead-4f28-bebd-86440bfb859e\",\"serviceName\":\"sample-bank-app\",\"eventType\":\"APPLICATION\",\"level\":\"INFO\",\"message\":\"Hello endpoint invoked\",\"endpoint\":null,\"method\":null,\"metadata\":{\"version\":\"1.0\",\"module\":\"HELLO\"}}","traceId":"7b3f7ded-dead-4f28-bebd-86440bfb859e"}
{"@timestamp":"2026-09-08T10:36:35.546231971+05:30","level":"INFO","logger_name":"com.npst.observability.interceptor.LoggingInterceptor","thread_name":"http-nio-8081-exec-3","message":"Request Started : method=POST uri = /api/v1/audit traceId=7b3f7ded-dead-4f28-bebd-86440bfb859e","traceId":"7b3f7ded-dead-4f28-bebd-86440bfb859e"}
{"@timestamp":"2026-09-08T10:36:35.547125827+05:30","level":"INFO","logger_name":"com.npst.observability.controller.AuditController","thread_name":"http-nio-8081-exec-3","message":"AUDIT_EVENT_RECEIVED","traceId":"7b3f7ded-dead-4f28-bebd-86440bfb859e"}
{"@timestamp":"2026-09-08T10:36:35.547261247+05:30","level":"INFO","logger_name":"com.npst.observability.controller.AuditController","thread_name":"http-nio-8081-exec-3","message":"traceId=7b3f7ded-dead-4f28-bebd-86440bfb859e","traceId":"7b3f7ded-dead-4f28-bebd-86440bfb859e"}
{"@timestamp":"2026-09-08T10:36:35.547323093+05:30","level":"INFO","logger_name":"com.npst.observability.controller.AuditController","thread_name":"http-nio-8081-exec-3","message":"method=GET uri=/api/v1/hello status=200 duration=0ms","traceId":"7b3f7ded-dead-4f28-bebd-86440bfb859e"}
{"@timestamp":"2026-09-08T10:36:35.549129623+05:30","level":"INFO","logger_name":"com.npst.observability.interceptor.LoggingInterceptor","thread_name":"http-nio-8080-exec-2","message":"Request Completed : status=200 duration=7ms traceId=7b3f7ded-dead-4f28-bebd-86440bfb859e","traceId":"7b3f7ded-dead-4f28-bebd-86440bfb859e"}
{"@timestamp":"2026-09-08T10:36:35.552816274+05:30","level":"INFO","logger_name":"com.npst.observability.interceptor.LoggingInterceptor","thread_name":"http-nio-8081-exec-4","message":"Request Started : method=POST uri = /api/v1/audit traceId=7b3f7ded-dead-4f28-bebd-86440bfb859e","traceId":"7b3f7ded-dead-4f28-bebd-86440bfb859e"}
{"@timestamp":"2026-09-08T10:36:35.553849925+05:30","level":"INFO","logger_name":"com.npst.observability.controller.AuditController","thread_name":"http-nio-8081-exec-4","message":"AUDIT_EVENT_RECEIVED","traceId":"7b3f7ded-dead-4f28-bebd-86440bfb859e"}
{"@timestamp":"2026-09-08T10:36:35.554076628+05:30","level":"INFO","logger_name":"com.npst.observability.controller.AuditController","thread_name":"http-nio-8081-exec-4","message":"traceId=7b3f7ded-dead-4f28-bebd-86440bfb859e","traceId":"7b3f7ded-dead-4f28-bebd-86440bfb859e"}
{"@timestamp":"2026-09-08T10:36:35.554244847+05:30","level":"INFO","logger_name":"com.npst.observability.controller.AuditController","thread_name":"http-nio-8081-exec-4","message":"method=GET uri=/api/v1/hello status=200 duration=7ms","traceId":"7b3f7ded-dead-4f28-bebd-86440bfb859e"}
{"@timestamp":"2026-09-08T10:36:35.687676333+05:30","level":"INFO","logger_name":"com.npst.observability.interceptor.LoggingInterceptor","thread_name":"http-nio-8080-exec-3","message":"Request Started : method=GET uri = /api/v1/hello traceId=3be4286b-976f-46fe-9a9a-5ab16c3f8ca8","traceId":"3be4286b-976f-46fe-9a9a-5ab16c3f8ca8"}
{"@timestamp":"2026-09-08T10:36:35.688347777+05:30","level":"INFO","logger_name":"com.npst.observability.logger.CommonLoggerImpl","thread_name":"http-nio-8080-exec-3","message":"{\"timestamp\":\"2026-09-08T05:06:35.688150256Z\",\"traceId\":\"3be4286b-976f-46fe-9a9a-5ab16c3f8ca8\",\"serviceName\":\"sample-bank-app\",\"eventType\":\"APPLICATION\",\"level\":\"INFO\",\"message\":\"Hello endpoint invoked\",\"endpoint\":null,\"method\":null,\"metadata\":{\"version\":\"1.0\",\"module\":\"HELLO\"}}","traceId":"3be4286b-976f-46fe-9a9a-5ab16c3f8ca8"}
{"@timestamp":"2026-09-08T10:36:35.691704378+05:30","level":"INFO","logger_name":"com.npst.observability.interceptor.LoggingInterceptor","thread_name":"http-nio-8081-exec-5","message":"Request Started : method=POST uri = /api/v1/audit traceId=3be4286b-976f-46fe-9a9a-5ab16c3f8ca8","traceId":"3be4286b-976f-46fe-9a9a-5ab16c3f8ca8"}
{"@timestamp":"2026-09-08T10:36:35.6934051+05:30","level":"INFO","logger_name":"com.npst.observability.controller.AuditController","thread_name":"http-nio-8081-exec-5","message":"AUDIT_EVENT_RECEIVED","traceId":"3be4286b-976f-46fe-9a9a-5ab16c3f8ca8"}
{"@timestamp":"2026-09-08T10:36:35.693697194+05:30","level":"INFO","logger_name":"com.npst.observability.controller.AuditController","thread_name":"http-nio-8081-exec-5","message":"traceId=3be4286b-976f-46fe-9a9a-5ab16c3f8ca8","traceId":"3be4286b-976f-46fe-9a9a-5ab16c3f8ca8"}
{"@timestamp":"2026-09-08T10:36:35.693777911+05:30","level":"INFO","logger_name":"com.npst.observability.controller.AuditController","thread_name":"http-nio-8081-exec-5","message":"method=GET uri=/api/v1/hello status=200 duration=0ms","traceId":"3be4286b-976f-46fe-9a9a-5ab16c3f8ca8"}
{"@timestamp":"2026-09-08T10:36:35.695477311+05:30","level":"INFO","logger_name":"com.npst.observability.interceptor.LoggingInterceptor","thread_name":"http-nio-8080-exec-3","message":"Request Completed : status=200 duration=8ms traceId=3be4286b-976f-46fe-9a9a-5ab16c3f8ca8","traceId":"3be4286b-976f-46fe-9a9a-5ab16c3f8ca8"}
{"@timestamp":"2026-09-08T10:36:35.699045614+05:30","level":"INFO","logger_name":"com.npst.observability.interceptor.LoggingInterceptor","thread_name":"http-nio-8081-exec-6","message":"Request Started : method=POST uri = /api/v1/audit traceId=3be4286b-976f-46fe-9a9a-5ab16c3f8ca8","traceId":"3be4286b-976f-46fe-9a9a-5ab16c3f8ca8"}
{"@timestamp":"2026-09-08T10:36:35.69991788+05:30","level":"INFO","logger_name":"com.npst.observability.controller.AuditController","thread_name":"http-nio-8081-exec-6","message":"AUDIT_EVENT_RECEIVED","traceId":"3be4286b-976f-46fe-9a9a-5ab16c3f8ca8"}
{"@timestamp":"2026-09-08T10:36:35.700015765+05:30","level":"INFO","logger_name":"com.npst.observability.controller.AuditController","thread_name":"http-nio-8081-exec-6","message":"traceId=3be4286b-976f-46fe-9a9a-5ab16c3f8ca8","traceId":"3be4286b-976f-46fe-9a9a-5ab16c3f8ca8"}
{"@timestamp":"2026-09-08T10:36:35.700100481+05:30","level":"INFO","logger_name":"com.npst.observability.controller.AuditController","thread_name":"http-nio-8081-exec-6","message":"method=GET uri=/api/v1/hello status=200 duration=8ms","traceId":"3be4286b-976f-46fe-9a9a-5ab16c3f8ca8"}
{"@timestamp":"2026-09-08T10:36:35.854584039+05:30","level":"INFO","logger_name":"com.npst.observability.interceptor.LoggingInterceptor","thread_name":"http-nio-8080-exec-4","message":"Request Started : method=GET uri = /api/v1/hello traceId=5d24e184-f895-40b4-a43b-4ed59ec33552","traceId":"5d24e184-f895-40b4-a43b-4ed59ec33552"}
{"@timestamp":"2026-09-08T10:36:35.855209618+05:30","level":"INFO","logger_name":"com.npst.observability.logger.CommonLoggerImpl","thread_name":"http-nio-8080-exec-4","message":"{\"timestamp\":\"2026-09-08T05:06:35.854990553Z\",\"traceId\":\"5d24e184-f895-40b4-a43b-4ed59ec33552\",\"serviceName\":\"sample-bank-app\",\"eventType\":\"APPLICATION\",\"level\":\"INFO\",\"message\":\"Hello endpoint invoked\",\"endpoint\":null,\"method\":null,\"metadata\":{\"version\":\"1.0\",\"module\":\"HELLO\"}}","traceId":"5d24e184-f895-40b4-a43b-4ed59ec33552"}
{"@timestamp":"2026-09-08T10:36:35.859809831+05:30","level":"INFO","logger_name":"com.npst.observability.interceptor.LoggingInterceptor","thread_name":"http-nio-8081-exec-7","message":"Request Started : method=POST uri = /api/v1/audit traceId=5d24e184-f895-40b4-a43b-4ed59ec33552","traceId":"5d24e184-f895-40b4-a43b-4ed59ec33552"}
{"@timestamp":"2026-09-08T10:36:35.860950389+05:30","level":"INFO","logger_name":"com.npst.observability.controller.AuditController","thread_name":"http-nio-8081-exec-7","message":"AUDIT_EVENT_RECEIVED","traceId":"5d24e184-f895-40b4-a43b-4ed59ec33552"}
{"@timestamp":"2026-09-08T10:36:35.861215583+05:30","level":"INFO","logger_name":"com.npst.observability.controller.AuditController","thread_name":"http-nio-8081-exec-7","message":"traceId=5d24e184-f895-40b4-a43b-4ed59ec33552","traceId":"5d24e184-f895-40b4-a43b-4ed59ec33552"}
{"@timestamp":"2026-09-08T10:36:35.861327595+05:30","level":"INFO","logger_name":"com.npst.observability.controller.AuditController","thread_name":"http-nio-8081-exec-7","message":"method=GET uri=/api/v1/hello status=200 duration=0ms","traceId":"5d24e184-f895-40b4-a43b-4ed59ec33552"}
{"@timestamp":"2026-09-08T10:36:35.863719186+05:30","level":"INFO","logger_name":"com.npst.observability.interceptor.LoggingInterceptor","thread_name":"http-nio-8080-exec-4","message":"Request Completed : status=200 duration=9ms traceId=5d24e184-f895-40b4-a43b-4ed59ec33552","traceId":"5d24e184-f895-40b4-a43b-4ed59ec33552"}
{"@timestamp":"2026-09-08T10:36:35.868542867+05:30","level":"INFO","logger_name":"com.npst.observability.interceptor.LoggingInterceptor","thread_name":"http-nio-8081-exec-8","message":"Request Started : method=POST uri = /api/v1/audit traceId=5d24e184-f895-40b4-a43b-4ed59ec33552","traceId":"5d24e184-f895-40b4-a43b-4ed59ec33552"}
{"@timestamp":"2026-09-08T10:36:35.869746076+05:30","level":"INFO","logger_name":"com.npst.observability.controller.AuditController","thread_name":"http-nio-8081-exec-8","message":"AUDIT_EVENT_RECEIVED","traceId":"5d24e184-f895-40b4-a43b-4ed59ec33552"}
{"@timestamp":"2026-09-08T10:36:35.870040769+05:30","level":"INFO","logger_name":"com.npst.observability.controller.AuditController","thread_name":"http-nio-8081-exec-8","message":"traceId=5d24e184-f895-40b4-a43b-4ed59ec33552","traceId":"5d24e184-f895-40b4-a43b-4ed59ec33552"}
{"@timestamp":"2026-09-08T10:36:35.870569153+05:30","level":"INFO","logger_name":"com.npst.observability.controller.AuditController","thread_name":"http-nio-8081-exec-8","message":"method=GET uri=/api/v1/hello status=200 duration=9ms","traceId":"5d24e184-f895-40b4-a43b-4ed59ec33552"}
{"@timestamp":"2026-09-08T10:36:36.022534527+05:30","level":"INFO","logger_name":"com.npst.observability.interceptor.LoggingInterceptor","thread_name":"http-nio-8080-exec-5","message":"Request Started : method=GET uri = /api/v1/hello traceId=364c3620-cf41-4e64-a3e0-730b4d1374a6","traceId":"364c3620-cf41-4e64-a3e0-730b4d1374a6"}
{"@timestamp":"2026-09-08T10:36:36.022897392+05:30","level":"INFO","logger_name":"com.npst.observability.logger.CommonLoggerImpl","thread_name":"http-nio-8080-exec-5","message":"{\"timestamp\":\"2026-09-08T05:06:36.022773185Z\",\"traceId\":\"364c3620-cf41-4e64-a3e0-730b4d1374a6\",\"serviceName\":\"sample-bank-app\",\"eventType\":\"APPLICATION\",\"level\":\"INFO\",\"message\":\"Hello endpoint invoked\",\"endpoint\":null,\"method\":null,\"metadata\":{\"version\":\"1.0\",\"module\":\"HELLO\"}}","traceId":"364c3620-cf41-4e64-a3e0-730b4d1374a6"}
{"@timestamp":"2026-09-08T10:36:36.02546093+05:30","level":"INFO","logger_name":"com.npst.observability.interceptor.LoggingInterceptor","thread_name":"http-nio-8081-exec-9","message":"Request Started : method=POST uri = /api/v1/audit traceId=364c3620-cf41-4e64-a3e0-730b4d1374a6","traceId":"364c3620-cf41-4e64-a3e0-730b4d1374a6"}
{"@timestamp":"2026-09-08T10:36:36.026296214+05:30","level":"INFO","logger_name":"com.npst.observability.controller.AuditController","thread_name":"http-nio-8081-exec-9","message":"AUDIT_EVENT_RECEIVED","traceId":"364c3620-cf41-4e64-a3e0-730b4d1374a6"}
{"@timestamp":"2026-09-08T10:36:36.026436966+05:30","level":"INFO","logger_name":"com.npst.observability.controller.AuditController","thread_name":"http-nio-8081-exec-9","message":"traceId=364c3620-cf41-4e64-a3e0-730b4d1374a6","traceId":"364c3620-cf41-4e64-a3e0-730b4d1374a6"}
{"@timestamp":"2026-09-08T10:36:36.026496186+05:30","level":"INFO","logger_name":"com.npst.observability.controller.AuditController","thread_name":"http-nio-8081-exec-9","message":"method=GET uri=/api/v1/hello status=200 duration=0ms","traceId":"364c3620-cf41-4e64-a3e0-730b4d1374a6"}
{"@timestamp":"2026-09-08T10:36:36.028476487+05:30","level":"INFO","logger_name":"com.npst.observability.interceptor.LoggingInterceptor","thread_name":"http-nio-8080-exec-5","message":"Request Completed : status=200 duration=6ms traceId=364c3620-cf41-4e64-a3e0-730b4d1374a6","traceId":"364c3620-cf41-4e64-a3e0-730b4d1374a6"}
{"@timestamp":"2026-09-08T10:36:36.031940501+05:30","level":"INFO","logger_name":"com.npst.observability.interceptor.LoggingInterceptor","thread_name":"http-nio-8081-exec-10","message":"Request Started : method=POST uri = /api/v1/audit traceId=364c3620-cf41-4e64-a3e0-730b4d1374a6","traceId":"364c3620-cf41-4e64-a3e0-730b4d1374a6"}
{"@timestamp":"2026-09-08T10:36:36.032845872+05:30","level":"INFO","logger_name":"com.npst.observability.controller.AuditController","thread_name":"http-nio-8081-exec-10","message":"AUDIT_EVENT_RECEIVED","traceId":"364c3620-cf41-4e64-a3e0-730b4d1374a6"}
{"@timestamp":"2026-09-08T10:36:36.032952552+05:30","level":"INFO","logger_name":"com.npst.observability.controller.AuditController","thread_name":"http-nio-8081-exec-10","message":"traceId=364c3620-cf41-4e64-a3e0-730b4d1374a6","traceId":"364c3620-cf41-4e64-a3e0-730b4d1374a6"}
{"@timestamp":"2026-09-08T10:36:36.032985527+05:30","level":"INFO","logger_name":"com.npst.observability.controller.AuditController","thread_name":"http-nio-8081-exec-10","message":"method=GET uri=/api/v1/hello status=200 duration=6ms","traceId":"364c3620-cf41-4e64-a3e0-730b4d1374a6"}
{"@timestamp":"2026-09-08T10:36:36.170806888+05:30","level":"INFO","logger_name":"com.npst.observability.interceptor.LoggingInterceptor","thread_name":"http-nio-8080-exec-7","message":"Request Started : method=GET uri = /api/v1/hello traceId=340e5d0e-f09d-4d8e-9c05-43fc196fccd0","traceId":"340e5d0e-f09d-4d8e-9c05-43fc196fccd0"}
{"@timestamp":"2026-09-08T10:36:36.17143679+05:30","level":"INFO","logger_name":"com.npst.observability.logger.CommonLoggerImpl","thread_name":"http-nio-8080-exec-7","message":"{\"timestamp\":\"2026-09-08T05:06:36.171206305Z\",\"traceId\":\"340e5d0e-f09d-4d8e-9c05-43fc196fccd0\",\"serviceName\":\"sample-bank-app\",\"eventType\":\"APPLICATION\",\"level\":\"INFO\",\"message\":\"Hello endpoint invoked\",\"endpoint\":null,\"method\":null,\"metadata\":{\"version\":\"1.0\",\"module\":\"HELLO\"}}","traceId":"340e5d0e-f09d-4d8e-9c05-43fc196fccd0"}
{"@timestamp":"2026-09-08T10:36:36.175077755+05:30","level":"INFO","logger_name":"com.npst.observability.interceptor.LoggingInterceptor","thread_name":"http-nio-8081-exec-1","message":"Request Started : method=POST uri = /api/v1/audit traceId=340e5d0e-f09d-4d8e-9c05-43fc196fccd0","traceId":"340e5d0e-f09d-4d8e-9c05-43fc196fccd0"}
{"@timestamp":"2026-09-08T10:36:36.176203439+05:30","level":"INFO","logger_name":"com.npst.observability.controller.AuditController","thread_name":"http-nio-8081-exec-1","message":"AUDIT_EVENT_RECEIVED","traceId":"340e5d0e-f09d-4d8e-9c05-43fc196fccd0"}
{"@timestamp":"2026-09-08T10:36:36.176467664+05:30","level":"INFO","logger_name":"com.npst.observability.controller.AuditController","thread_name":"http-nio-8081-exec-1","message":"traceId=340e5d0e-f09d-4d8e-9c05-43fc196fccd0","traceId":"340e5d0e-f09d-4d8e-9c05-43fc196fccd0"}
{"@timestamp":"2026-09-08T10:36:36.176540309+05:30","level":"INFO","logger_name":"com.npst.observability.controller.AuditController","thread_name":"http-nio-8081-exec-1","message":"method=GET uri=/api/v1/hello status=200 duration=0ms","traceId":"340e5d0e-f09d-4d8e-9c05-43fc196fccd0"}
{"@timestamp":"2026-09-08T10:36:36.178506114+05:30","level":"INFO","logger_name":"com.npst.observability.interceptor.LoggingInterceptor","thread_name":"http-nio-8080-exec-7","message":"Request Completed : status=200 duration=8ms traceId=340e5d0e-f09d-4d8e-9c05-43fc196fccd0","traceId":"340e5d0e-f09d-4d8e-9c05-43fc196fccd0"}
{"@timestamp":"2026-09-08T10:36:36.182552817+05:30","level":"INFO","logger_name":"com.npst.observability.interceptor.LoggingInterceptor","thread_name":"http-nio-8081-exec-2","message":"Request Started : method=POST uri = /api/v1/audit traceId=340e5d0e-f09d-4d8e-9c05-43fc196fccd0","traceId":"340e5d0e-f09d-4d8e-9c05-43fc196fccd0"}
{"@timestamp":"2026-09-08T10:36:36.183782947+05:30","level":"INFO","logger_name":"com.npst.observability.controller.AuditController","thread_name":"http-nio-8081-exec-2","message":"AUDIT_EVENT_RECEIVED","traceId":"340e5d0e-f09d-4d8e-9c05-43fc196fccd0"}
{"@timestamp":"2026-09-08T10:36:36.183979165+05:30","level":"INFO","logger_name":"com.npst.observability.controller.AuditController","thread_name":"http-nio-8081-exec-2","message":"traceId=340e5d0e-f09d-4d8e-9c05-43fc196fccd0","traceId":"340e5d0e-f09d-4d8e-9c05-43fc196fccd0"}
{"@timestamp":"2026-09-08T10:36:36.184041885+05:30","level":"INFO","logger_name":"com.npst.observability.controller.AuditController","thread_name":"http-nio-8081-exec-2","message":"method=GET uri=/api/v1/hello status=200 duration=8ms","traceId":"340e5d0e-f09d-4d8e-9c05-43fc196fccd0"}
{"@timestamp":"2026-09-08T10:36:36.352641016+05:30","level":"INFO","logger_name":"com.npst.observability.interceptor.LoggingInterceptor","thread_name":"http-nio-8080-exec-8","message":"Request Started : method=GET uri = /api/v1/hello traceId=01beb329-3a39-404d-9548-9b3cbcfb61f8","traceId":"01beb329-3a39-404d-9548-9b3cbcfb61f8"}
{"@timestamp":"2026-09-08T10:36:36.353034399+05:30","level":"INFO","logger_name":"com.npst.observability.logger.CommonLoggerImpl","thread_name":"http-nio-8080-exec-8","message":"{\"timestamp\":\"2026-09-08T05:06:36.352889976Z\",\"traceId\":\"01beb329-3a39-404d-9548-9b3cbcfb61f8\",\"serviceName\":\"sample-bank-app\",\"eventType\":\"APPLICATION\",\"level\":\"INFO\",\"message\":\"Hello endpoint invoked\",\"endpoint\":null,\"method\":null,\"metadata\":{\"version\":\"1.0\",\"module\":\"HELLO\"}}","traceId":"01beb329-3a39-404d-9548-9b3cbcfb61f8"}
{"@timestamp":"2026-09-08T10:36:36.35601195+05:30","level":"INFO","logger_name":"com.npst.observability.interceptor.LoggingInterceptor","thread_name":"http-nio-8081-exec-3","message":"Request Started : method=POST uri = /api/v1/audit traceId=01beb329-3a39-404d-9548-9b3cbcfb61f8","traceId":"01beb329-3a39-404d-9548-9b3cbcfb61f8"}
{"@timestamp":"2026-09-08T10:36:36.356916251+05:30","level":"INFO","logger_name":"com.npst.observability.controller.AuditController","thread_name":"http-nio-8081-exec-3","message":"AUDIT_EVENT_RECEIVED","traceId":"01beb329-3a39-404d-9548-9b3cbcfb61f8"}
{"@timestamp":"2026-09-08T10:36:36.357043303+05:30","level":"INFO","logger_name":"com.npst.observability.controller.AuditController","thread_name":"http-nio-8081-exec-3","message":"traceId=01beb329-3a39-404d-9548-9b3cbcfb61f8","traceId":"01beb329-3a39-404d-9548-9b3cbcfb61f8"}
{"@timestamp":"2026-09-08T10:36:36.357155218+05:30","level":"INFO","logger_name":"com.npst.observability.controller.AuditController","thread_name":"http-nio-8081-exec-3","message":"method=GET uri=/api/v1/hello status=200 duration=0ms","traceId":"01beb329-3a39-404d-9548-9b3cbcfb61f8"}
{"@timestamp":"2026-09-08T10:36:36.358970698+05:30","level":"INFO","logger_name":"com.npst.observability.interceptor.LoggingInterceptor","thread_name":"http-nio-8080-exec-8","message":"Request Completed : status=200 duration=6ms traceId=01beb329-3a39-404d-9548-9b3cbcfb61f8","traceId":"01beb329-3a39-404d-9548-9b3cbcfb61f8"}
{"@timestamp":"2026-09-08T10:36:36.362776864+05:30","level":"INFO","logger_name":"com.npst.observability.interceptor.LoggingInterceptor","thread_name":"http-nio-8081-exec-4","message":"Request Started : method=POST uri = /api/v1/audit traceId=01beb329-3a39-404d-9548-9b3cbcfb61f8","traceId":"01beb329-3a39-404d-9548-9b3cbcfb61f8"}
{"@timestamp":"2026-09-08T10:36:36.364148768+05:30","level":"INFO","logger_name":"com.npst.observability.controller.AuditController","thread_name":"http-nio-8081-exec-4","message":"AUDIT_EVENT_RECEIVED","traceId":"01beb329-3a39-404d-9548-9b3cbcfb61f8"}
{"@timestamp":"2026-09-08T10:36:36.364559403+05:30","level":"INFO","logger_name":"com.npst.observability.controller.AuditController","thread_name":"http-nio-8081-exec-4","message":"traceId=01beb329-3a39-404d-9548-9b3cbcfb61f8","traceId":"01beb329-3a39-404d-9548-9b3cbcfb61f8"}
{"@timestamp":"2026-09-08T10:36:36.364713522+05:30","level":"INFO","logger_name":"com.npst.observability.controller.AuditController","thread_name":"http-nio-8081-exec-4","message":"method=GET uri=/api/v1/hello status=200 duration=6ms","traceId":"01beb329-3a39-404d-9548-9b3cbcfb61f8"}
{"@timestamp":"2026-09-08T10:36:38.114740467+05:30","level":"INFO","logger_name":"com.npst.observability.interceptor.LoggingInterceptor","thread_name":"http-nio-8080-exec-9","message":"Request Started : method=GET uri = /api/v1/hello traceId=b1607b3a-0379-4046-90eb-33f22a3f1519","traceId":"b1607b3a-0379-4046-90eb-33f22a3f1519"}
{"@timestamp":"2026-09-08T10:36:38.1151657+05:30","level":"INFO","logger_name":"com.npst.observability.logger.CommonLoggerImpl","thread_name":"http-nio-8080-exec-9","message":"{\"timestamp\":\"2026-09-08T05:06:38.115033067Z\",\"traceId\":\"b1607b3a-0379-4046-90eb-33f22a3f1519\",\"serviceName\":\"sample-bank-app\",\"eventType\":\"APPLICATION\",\"level\":\"INFO\",\"message\":\"Hello endpoint invoked\",\"endpoint\":null,\"method\":null,\"metadata\":{\"version\":\"1.0\",\"module\":\"HELLO\"}}","traceId":"b1607b3a-0379-4046-90eb-33f22a3f1519"}
{"@timestamp":"2026-09-08T10:36:38.117932959+05:30","level":"INFO","logger_name":"com.npst.observability.interceptor.LoggingInterceptor","thread_name":"http-nio-8081-exec-5","message":"Request Started : method=POST uri = /api/v1/audit traceId=b1607b3a-0379-4046-90eb-33f22a3f1519","traceId":"b1607b3a-0379-4046-90eb-33f22a3f1519"}
{"@timestamp":"2026-09-08T10:36:38.118651634+05:30","level":"INFO","logger_name":"com.npst.observability.controller.AuditController","thread_name":"http-nio-8081-exec-5","message":"AUDIT_EVENT_RECEIVED","traceId":"b1607b3a-0379-4046-90eb-33f22a3f1519"}
{"@timestamp":"2026-09-08T10:36:38.118762237+05:30","level":"INFO","logger_name":"com.npst.observability.controller.AuditController","thread_name":"http-nio-8081-exec-5","message":"traceId=b1607b3a-0379-4046-90eb-33f22a3f1519","traceId":"b1607b3a-0379-4046-90eb-33f22a3f1519"}
{"@timestamp":"2026-09-08T10:36:38.118794987+05:30","level":"INFO","logger_name":"com.npst.observability.controller.AuditController","thread_name":"http-nio-8081-exec-5","message":"method=GET uri=/api/v1/hello status=200 duration=0ms","traceId":"b1607b3a-0379-4046-90eb-33f22a3f1519"}
{"@timestamp":"2026-09-08T10:36:38.120538993+05:30","level":"INFO","logger_name":"com.npst.observability.interceptor.LoggingInterceptor","thread_name":"http-nio-8080-exec-9","message":"Request Completed : status=200 duration=6ms traceId=b1607b3a-0379-4046-90eb-33f22a3f1519","traceId":"b1607b3a-0379-4046-90eb-33f22a3f1519"}
{"@timestamp":"2026-09-08T10:36:38.124408124+05:30","level":"INFO","logger_name":"com.npst.observability.interceptor.LoggingInterceptor","thread_name":"http-nio-8081-exec-6","message":"Request Started : method=POST uri = /api/v1/audit traceId=b1607b3a-0379-4046-90eb-33f22a3f1519","traceId":"b1607b3a-0379-4046-90eb-33f22a3f1519"}
{"@timestamp":"2026-09-08T10:36:38.125493549+05:30","level":"INFO","logger_name":"com.npst.observability.controller.AuditController","thread_name":"http-nio-8081-exec-6","message":"AUDIT_EVENT_RECEIVED","traceId":"b1607b3a-0379-4046-90eb-33f22a3f1519"}
{"@timestamp":"2026-09-08T10:36:38.125724445+05:30","level":"INFO","logger_name":"com.npst.observability.controller.AuditController","thread_name":"http-nio-8081-exec-6","message":"traceId=b1607b3a-0379-4046-90eb-33f22a3f1519","traceId":"b1607b3a-0379-4046-90eb-33f22a3f1519"}
{"@timestamp":"2026-09-08T10:36:38.125814627+05:30","level":"INFO","logger_name":"com.npst.observability.controller.AuditController","thread_name":"http-nio-8081-exec-6","message":"method=GET uri=/api/v1/hello status=200 duration=6ms","traceId":"b1607b3a-0379-4046-90eb-33f22a3f1519"}
{"@timestamp":"2026-09-08T10:36:38.271713787+05:30","level":"INFO","logger_name":"com.npst.observability.interceptor.LoggingInterceptor","thread_name":"http-nio-8080-exec-10","message":"Request Started : method=GET uri = /api/v1/hello traceId=c4833eaa-671c-4165-93a9-d32efbdb7bdb","traceId":"c4833eaa-671c-4165-93a9-d32efbdb7bdb"}
{"@timestamp":"2026-09-08T10:36:38.272604084+05:30","level":"INFO","logger_name":"com.npst.observability.logger.CommonLoggerImpl","thread_name":"http-nio-8080-exec-10","message":"{\"timestamp\":\"2026-09-08T05:06:38.272385136Z\",\"traceId\":\"c4833eaa-671c-4165-93a9-d32efbdb7bdb\",\"serviceName\":\"sample-bank-app\",\"eventType\":\"APPLICATION\",\"level\":\"INFO\",\"message\":\"Hello endpoint invoked\",\"endpoint\":null,\"method\":null,\"metadata\":{\"version\":\"1.0\",\"module\":\"HELLO\"}}","traceId":"c4833eaa-671c-4165-93a9-d32efbdb7bdb"}
{"@timestamp":"2026-09-08T10:36:38.275853738+05:30","level":"INFO","logger_name":"com.npst.observability.interceptor.LoggingInterceptor","thread_name":"http-nio-8081-exec-7","message":"Request Started : method=POST uri = /api/v1/audit traceId=c4833eaa-671c-4165-93a9-d32efbdb7bdb","traceId":"c4833eaa-671c-4165-93a9-d32efbdb7bdb"}
{"@timestamp":"2026-09-08T10:36:38.276805451+05:30","level":"INFO","logger_name":"com.npst.observability.controller.AuditController","thread_name":"http-nio-8081-exec-7","message":"AUDIT_EVENT_RECEIVED","traceId":"c4833eaa-671c-4165-93a9-d32efbdb7bdb"}
{"@timestamp":"2026-09-08T10:36:38.277016118+05:30","level":"INFO","logger_name":"com.npst.observability.controller.AuditController","thread_name":"http-nio-8081-exec-7","message":"traceId=c4833eaa-671c-4165-93a9-d32efbdb7bdb","traceId":"c4833eaa-671c-4165-93a9-d32efbdb7bdb"}
{"@timestamp":"2026-09-08T10:36:38.277108803+05:30","level":"INFO","logger_name":"com.npst.observability.controller.AuditController","thread_name":"http-nio-8081-exec-7","message":"method=GET uri=/api/v1/hello status=200 duration=0ms","traceId":"c4833eaa-671c-4165-93a9-d32efbdb7bdb"}
{"@timestamp":"2026-09-08T10:36:38.27937293+05:30","level":"INFO","logger_name":"com.npst.observability.interceptor.LoggingInterceptor","thread_name":"http-nio-8080-exec-10","message":"Request Completed : status=200 duration=8ms traceId=c4833eaa-671c-4165-93a9-d32efbdb7bdb","traceId":"c4833eaa-671c-4165-93a9-d32efbdb7bdb"}
{"@timestamp":"2026-09-08T10:36:38.284125235+05:30","level":"INFO","logger_name":"com.npst.observability.interceptor.LoggingInterceptor","thread_name":"http-nio-8081-exec-8","message":"Request Started : method=POST uri = /api/v1/audit traceId=c4833eaa-671c-4165-93a9-d32efbdb7bdb","traceId":"c4833eaa-671c-4165-93a9-d32efbdb7bdb"}
{"@timestamp":"2026-09-08T10:36:38.285117358+05:30","level":"INFO","logger_name":"com.npst.observability.controller.AuditController","thread_name":"http-nio-8081-exec-8","message":"AUDIT_EVENT_RECEIVED","traceId":"c4833eaa-671c-4165-93a9-d32efbdb7bdb"}
{"@timestamp":"2026-09-08T10:36:38.285297601+05:30","level":"INFO","logger_name":"com.npst.observability.controller.AuditController","thread_name":"http-nio-8081-exec-8","message":"traceId=c4833eaa-671c-4165-93a9-d32efbdb7bdb","traceId":"c4833eaa-671c-4165-93a9-d32efbdb7bdb"}
{"@timestamp":"2026-09-08T10:36:38.28536362+05:30","level":"INFO","logger_name":"com.npst.observability.controller.AuditController","thread_name":"http-nio-8081-exec-8","message":"method=GET uri=/api/v1/hello status=200 duration=8ms","traceId":"c4833eaa-671c-4165-93a9-d32efbdb7bdb"}
{"@timestamp":"2026-09-08T10:36:38.450741902+05:30","level":"INFO","logger_name":"com.npst.observability.interceptor.LoggingInterceptor","thread_name":"http-nio-8080-exec-1","message":"Request Started : method=GET uri = /api/v1/hello traceId=0b1934e0-1713-42f4-8c66-0ad90e23fbf8","traceId":"0b1934e0-1713-42f4-8c66-0ad90e23fbf8"}
{"@timestamp":"2026-09-08T10:36:38.451213728+05:30","level":"INFO","logger_name":"com.npst.observability.logger.CommonLoggerImpl","thread_name":"http-nio-8080-exec-1","message":"{\"timestamp\":\"2026-09-08T05:06:38.451054993Z\",\"traceId\":\"0b1934e0-1713-42f4-8c66-0ad90e23fbf8\",\"serviceName\":\"sample-bank-app\",\"eventType\":\"APPLICATION\",\"level\":\"INFO\",\"message\":\"Hello endpoint invoked\",\"endpoint\":null,\"method\":null,\"metadata\":{\"version\":\"1.0\",\"module\":\"HELLO\"}}","traceId":"0b1934e0-1713-42f4-8c66-0ad90e23fbf8"}
{"@timestamp":"2026-09-08T10:36:38.454277514+05:30","level":"INFO","logger_name":"com.npst.observability.interceptor.LoggingInterceptor","thread_name":"http-nio-8081-exec-9","message":"Request Started : method=POST uri = /api/v1/audit traceId=0b1934e0-1713-42f4-8c66-0ad90e23fbf8","traceId":"0b1934e0-1713-42f4-8c66-0ad90e23fbf8"}
{"@timestamp":"2026-09-08T10:36:38.455178467+05:30","level":"INFO","logger_name":"com.npst.observability.controller.AuditController","thread_name":"http-nio-8081-exec-9","message":"AUDIT_EVENT_RECEIVED","traceId":"0b1934e0-1713-42f4-8c66-0ad90e23fbf8"}
{"@timestamp":"2026-09-08T10:36:38.455325479+05:30","level":"INFO","logger_name":"com.npst.observability.controller.AuditController","thread_name":"http-nio-8081-exec-9","message":"traceId=0b1934e0-1713-42f4-8c66-0ad90e23fbf8","traceId":"0b1934e0-1713-42f4-8c66-0ad90e23fbf8"}
{"@timestamp":"2026-09-08T10:36:38.455388586+05:30","level":"INFO","logger_name":"com.npst.observability.controller.AuditController","thread_name":"http-nio-8081-exec-9","message":"method=GET uri=/api/v1/hello status=200 duration=0ms","traceId":"0b1934e0-1713-42f4-8c66-0ad90e23fbf8"}
{"@timestamp":"2026-09-08T10:36:38.457214139+05:30","level":"INFO","logger_name":"com.npst.observability.interceptor.LoggingInterceptor","thread_name":"http-nio-8080-exec-1","message":"Request Completed : status=200 duration=7ms traceId=0b1934e0-1713-42f4-8c66-0ad90e23fbf8","traceId":"0b1934e0-1713-42f4-8c66-0ad90e23fbf8"}
{"@timestamp":"2026-09-08T10:36:38.460616333+05:30","level":"INFO","logger_name":"com.npst.observability.interceptor.LoggingInterceptor","thread_name":"http-nio-8081-exec-10","message":"Request Started : method=POST uri = /api/v1/audit traceId=0b1934e0-1713-42f4-8c66-0ad90e23fbf8","traceId":"0b1934e0-1713-42f4-8c66-0ad90e23fbf8"}
{"@timestamp":"2026-09-08T10:36:38.461287429+05:30","level":"INFO","logger_name":"com.npst.observability.controller.AuditController","thread_name":"http-nio-8081-exec-10","message":"AUDIT_EVENT_RECEIVED","traceId":"0b1934e0-1713-42f4-8c66-0ad90e23fbf8"}
{"@timestamp":"2026-09-08T10:36:38.461420598+05:30","level":"INFO","logger_name":"com.npst.observability.controller.AuditController","thread_name":"http-nio-8081-exec-10","message":"traceId=0b1934e0-1713-42f4-8c66-0ad90e23fbf8","traceId":"0b1934e0-1713-42f4-8c66-0ad90e23fbf8"}
{"@timestamp":"2026-09-08T10:36:38.461459964+05:30","level":"INFO","logger_name":"com.npst.observability.controller.AuditController","thread_name":"http-nio-8081-exec-10","message":"method=GET uri=/api/v1/hello status=200 duration=7ms","traceId":"0b1934e0-1713-42f4-8c66-0ad90e23fbf8"}
{"@timestamp":"2026-09-08T10:37:22.156749829+05:30","level":"INFO","logger_name":"com.npst.observability.interceptor.LoggingInterceptor","thread_name":"http-nio-8080-exec-1","message":"Request Started : method=GET uri = /api/v1/hello traceId=ff2de130-296c-41f0-aa79-d6d930b8b1c1","traceId":"ff2de130-296c-41f0-aa79-d6d930b8b1c1"}
{"@timestamp":"2026-09-08T10:37:22.157394436+05:30","level":"INFO","logger_name":"com.npst.observability.logger.CommonLoggerImpl","thread_name":"http-nio-8080-exec-1","message":"{\"timestamp\":\"2026-09-08T05:07:22.157195552Z\",\"traceId\":\"ff2de130-296c-41f0-aa79-d6d930b8b1c1\",\"serviceName\":\"sample-bank-app\",\"eventType\":\"APPLICATION\",\"level\":\"INFO\",\"message\":\"Hello endpoint invoked\",\"endpoint\":null,\"method\":null,\"metadata\":{\"version\":\"1.0\",\"module\":\"HELLO\"}}","traceId":"ff2de130-296c-41f0-aa79-d6d930b8b1c1"}
{"@timestamp":"2026-09-08T10:37:22.160161454+05:30","level":"INFO","logger_name":"com.npst.observability.interceptor.LoggingInterceptor","thread_name":"http-nio-8081-exec-10","message":"Request Started : method=POST uri = /api/v1/audit traceId=ff2de130-296c-41f0-aa79-d6d930b8b1c1","traceId":"ff2de130-296c-41f0-aa79-d6d930b8b1c1"}
{"@timestamp":"2026-09-08T10:37:22.160740805+05:30","level":"INFO","logger_name":"com.npst.observability.controller.AuditController","thread_name":"http-nio-8081-exec-10","message":"AUDIT_EVENT_RECEIVED","traceId":"ff2de130-296c-41f0-aa79-d6d930b8b1c1"}
{"@timestamp":"2026-09-08T10:37:22.160795766+05:30","level":"INFO","logger_name":"com.npst.observability.controller.AuditController","thread_name":"http-nio-8081-exec-10","message":"traceId=ff2de130-296c-41f0-aa79-d6d930b8b1c1","traceId":"ff2de130-296c-41f0-aa79-d6d930b8b1c1"}
{"@timestamp":"2026-09-08T10:37:22.160832159+05:30","level":"INFO","logger_name":"com.npst.observability.controller.AuditController","thread_name":"http-nio-8081-exec-10","message":"method=GET uri=/api/v1/hello status=200 duration=0ms","traceId":"ff2de130-296c-41f0-aa79-d6d930b8b1c1"}
{"@timestamp":"2026-09-08T10:37:22.162216027+05:30","level":"INFO","logger_name":"com.npst.observability.interceptor.LoggingInterceptor","thread_name":"http-nio-8080-exec-1","message":"Request Completed : status=200 duration=6ms traceId=ff2de130-296c-41f0-aa79-d6d930b8b1c1","traceId":"ff2de130-296c-41f0-aa79-d6d930b8b1c1"}
{"@timestamp":"2026-09-08T10:37:22.16541956+05:30","level":"INFO","logger_name":"com.npst.observability.interceptor.LoggingInterceptor","thread_name":"http-nio-8081-exec-1","message":"Request Started : method=POST uri = /api/v1/audit traceId=ff2de130-296c-41f0-aa79-d6d930b8b1c1","traceId":"ff2de130-296c-41f0-aa79-d6d930b8b1c1"}
{"@timestamp":"2026-09-08T10:37:22.166463566+05:30","level":"INFO","logger_name":"com.npst.observability.controller.AuditController","thread_name":"http-nio-8081-exec-1","message":"AUDIT_EVENT_RECEIVED","traceId":"ff2de130-296c-41f0-aa79-d6d930b8b1c1"}
{"@timestamp":"2026-09-08T10:37:22.16670171+05:30","level":"INFO","logger_name":"com.npst.observability.controller.AuditController","thread_name":"http-nio-8081-exec-1","message":"traceId=ff2de130-296c-41f0-aa79-d6d930b8b1c1","traceId":"ff2de130-296c-41f0-aa79-d6d930b8b1c1"}
{"@timestamp":"2026-09-08T10:37:22.166794392+05:30","level":"INFO","logger_name":"com.npst.observability.controller.AuditController","thread_name":"http-nio-8081-exec-1","message":"method=GET uri=/api/v1/hello status=200 duration=6ms","traceId":"ff2de130-296c-41f0-aa79-d6d930b8b1c1"}
{"@timestamp":"2026-09-08T10:37:22.325436743+05:30","level":"INFO","logger_name":"com.npst.observability.interceptor.LoggingInterceptor","thread_name":"http-nio-8080-exec-2","message":"Request Started : method=GET uri = /api/v1/hello traceId=a2b9ec65-90aa-42ae-a5e5-55eb55d1f710","traceId":"a2b9ec65-90aa-42ae-a5e5-55eb55d1f710"}
{"@timestamp":"2026-09-08T10:37:22.326015446+05:30","level":"INFO","logger_name":"com.npst.observability.logger.CommonLoggerImpl","thread_name":"http-nio-8080-exec-2","message":"{\"timestamp\":\"2026-09-08T05:07:22.325808687Z\",\"traceId\":\"a2b9ec65-90aa-42ae-a5e5-55eb55d1f710\",\"serviceName\":\"sample-bank-app\",\"eventType\":\"APPLICATION\",\"level\":\"INFO\",\"message\":\"Hello endpoint invoked\",\"endpoint\":null,\"method\":null,\"metadata\":{\"version\":\"1.0\",\"module\":\"HELLO\"}}","traceId":"a2b9ec65-90aa-42ae-a5e5-55eb55d1f710"}
{"@timestamp":"2026-09-08T10:37:22.329215981+05:30","level":"INFO","logger_name":"com.npst.observability.interceptor.LoggingInterceptor","thread_name":"http-nio-8081-exec-2","message":"Request Started : method=POST uri = /api/v1/audit traceId=a2b9ec65-90aa-42ae-a5e5-55eb55d1f710","traceId":"a2b9ec65-90aa-42ae-a5e5-55eb55d1f710"}
{"@timestamp":"2026-09-08T10:37:22.329859978+05:30","level":"INFO","logger_name":"com.npst.observability.controller.AuditController","thread_name":"http-nio-8081-exec-2","message":"AUDIT_EVENT_RECEIVED","traceId":"a2b9ec65-90aa-42ae-a5e5-55eb55d1f710"}
{"@timestamp":"2026-09-08T10:37:22.329922341+05:30","level":"INFO","logger_name":"com.npst.observability.controller.AuditController","thread_name":"http-nio-8081-exec-2","message":"traceId=a2b9ec65-90aa-42ae-a5e5-55eb55d1f710","traceId":"a2b9ec65-90aa-42ae-a5e5-55eb55d1f710"}
{"@timestamp":"2026-09-08T10:37:22.329960542+05:30","level":"INFO","logger_name":"com.npst.observability.controller.AuditController","thread_name":"http-nio-8081-exec-2","message":"method=GET uri=/api/v1/hello status=200 duration=0ms","traceId":"a2b9ec65-90aa-42ae-a5e5-55eb55d1f710"}
{"@timestamp":"2026-09-08T10:37:22.331428992+05:30","level":"INFO","logger_name":"com.npst.observability.interceptor.LoggingInterceptor","thread_name":"http-nio-8080-exec-2","message":"Request Completed : status=200 duration=6ms traceId=a2b9ec65-90aa-42ae-a5e5-55eb55d1f710","traceId":"a2b9ec65-90aa-42ae-a5e5-55eb55d1f710"}
{"@timestamp":"2026-09-08T10:37:22.335108698+05:30","level":"INFO","logger_name":"com.npst.observability.interceptor.LoggingInterceptor","thread_name":"http-nio-8081-exec-3","message":"Request Started : method=POST uri = /api/v1/audit traceId=a2b9ec65-90aa-42ae-a5e5-55eb55d1f710","traceId":"a2b9ec65-90aa-42ae-a5e5-55eb55d1f710"}
{"@timestamp":"2026-09-08T10:37:22.336268593+05:30","level":"INFO","logger_name":"com.npst.observability.controller.AuditController","thread_name":"http-nio-8081-exec-3","message":"AUDIT_EVENT_RECEIVED","traceId":"a2b9ec65-90aa-42ae-a5e5-55eb55d1f710"}
{"@timestamp":"2026-09-08T10:37:22.33657008+05:30","level":"INFO","logger_name":"com.npst.observability.controller.AuditController","thread_name":"http-nio-8081-exec-3","message":"traceId=a2b9ec65-90aa-42ae-a5e5-55eb55d1f710","traceId":"a2b9ec65-90aa-42ae-a5e5-55eb55d1f710"}
{"@timestamp":"2026-09-08T10:37:22.336666561+05:30","level":"INFO","logger_name":"com.npst.observability.controller.AuditController","thread_name":"http-nio-8081-exec-3","message":"method=GET uri=/api/v1/hello status=200 duration=6ms","traceId":"a2b9ec65-90aa-42ae-a5e5-55eb55d1f710"}
{"@timestamp":"2026-09-08T10:37:22.487982516+05:30","level":"INFO","logger_name":"com.npst.observability.interceptor.LoggingInterceptor","thread_name":"http-nio-8080-exec-3","message":"Request Started : method=GET uri = /api/v1/hello traceId=0987bd44-8e41-4426-b8d3-4b4ee23a93b2","traceId":"0987bd44-8e41-4426-b8d3-4b4ee23a93b2"}
{"@timestamp":"2026-09-08T10:37:22.488540985+05:30","level":"INFO","logger_name":"com.npst.observability.logger.CommonLoggerImpl","thread_name":"http-nio-8080-exec-3","message":"{\"timestamp\":\"2026-09-08T05:07:22.488356101Z\",\"traceId\":\"0987bd44-8e41-4426-b8d3-4b4ee23a93b2\",\"serviceName\":\"sample-bank-app\",\"eventType\":\"APPLICATION\",\"level\":\"INFO\",\"message\":\"Hello endpoint invoked\",\"endpoint\":null,\"method\":null,\"metadata\":{\"version\":\"1.0\",\"module\":\"HELLO\"}}","traceId":"0987bd44-8e41-4426-b8d3-4b4ee23a93b2"}
{"@timestamp":"2026-09-08T10:37:22.49128879+05:30","level":"INFO","logger_name":"com.npst.observability.interceptor.LoggingInterceptor","thread_name":"http-nio-8081-exec-4","message":"Request Started : method=POST uri = /api/v1/audit traceId=0987bd44-8e41-4426-b8d3-4b4ee23a93b2","traceId":"0987bd44-8e41-4426-b8d3-4b4ee23a93b2"}
{"@timestamp":"2026-09-08T10:37:22.491839422+05:30","level":"INFO","logger_name":"com.npst.observability.controller.AuditController","thread_name":"http-nio-8081-exec-4","message":"AUDIT_EVENT_RECEIVED","traceId":"0987bd44-8e41-4426-b8d3-4b4ee23a93b2"}
{"@timestamp":"2026-09-08T10:37:22.491885954+05:30","level":"INFO","logger_name":"com.npst.observability.controller.AuditController","thread_name":"http-nio-8081-exec-4","message":"traceId=0987bd44-8e41-4426-b8d3-4b4ee23a93b2","traceId":"0987bd44-8e41-4426-b8d3-4b4ee23a93b2"}
{"@timestamp":"2026-09-08T10:37:22.491911404+05:30","level":"INFO","logger_name":"com.npst.observability.controller.AuditController","thread_name":"http-nio-8081-exec-4","message":"method=GET uri=/api/v1/hello status=200 duration=0ms","traceId":"0987bd44-8e41-4426-b8d3-4b4ee23a93b2"}
{"@timestamp":"2026-09-08T10:37:22.492820129+05:30","level":"INFO","logger_name":"com.npst.observability.interceptor.LoggingInterceptor","thread_name":"http-nio-8080-exec-3","message":"Request Completed : status=200 duration=5ms traceId=0987bd44-8e41-4426-b8d3-4b4ee23a93b2","traceId":"0987bd44-8e41-4426-b8d3-4b4ee23a93b2"}
{"@timestamp":"2026-09-08T10:37:22.495381641+05:30","level":"INFO","logger_name":"com.npst.observability.interceptor.LoggingInterceptor","thread_name":"http-nio-8081-exec-5","message":"Request Started : method=POST uri = /api/v1/audit traceId=0987bd44-8e41-4426-b8d3-4b4ee23a93b2","traceId":"0987bd44-8e41-4426-b8d3-4b4ee23a93b2"}
{"@timestamp":"2026-09-08T10:37:22.496022132+05:30","level":"INFO","logger_name":"com.npst.observability.controller.AuditController","thread_name":"http-nio-8081-exec-5","message":"AUDIT_EVENT_RECEIVED","traceId":"0987bd44-8e41-4426-b8d3-4b4ee23a93b2"}
{"@timestamp":"2026-09-08T10:37:22.496125551+05:30","level":"INFO","logger_name":"com.npst.observability.controller.AuditController","thread_name":"http-nio-8081-exec-5","message":"traceId=0987bd44-8e41-4426-b8d3-4b4ee23a93b2","traceId":"0987bd44-8e41-4426-b8d3-4b4ee23a93b2"}
{"@timestamp":"2026-09-08T10:37:22.496165382+05:30","level":"INFO","logger_name":"com.npst.observability.controller.AuditController","thread_name":"http-nio-8081-exec-5","message":"method=GET uri=/api/v1/hello status=200 duration=5ms","traceId":"0987bd44-8e41-4426-b8d3-4b4ee23a93b2"}
{"@timestamp":"2026-09-08T10:37:22.641567793+05:30","level":"INFO","logger_name":"com.npst.observability.interceptor.LoggingInterceptor","thread_name":"http-nio-8080-exec-4","message":"Request Started : method=GET uri = /api/v1/hello traceId=330e04eb-c1d8-4235-b977-42e106b2a99a","traceId":"330e04eb-c1d8-4235-b977-42e106b2a99a"}
{"@timestamp":"2026-09-08T10:37:22.641980935+05:30","level":"INFO","logger_name":"com.npst.observability.logger.CommonLoggerImpl","thread_name":"http-nio-8080-exec-4","message":"{\"timestamp\":\"2026-09-08T05:07:22.641845177Z\",\"traceId\":\"330e04eb-c1d8-4235-b977-42e106b2a99a\",\"serviceName\":\"sample-bank-app\",\"eventType\":\"APPLICATION\",\"level\":\"INFO\",\"message\":\"Hello endpoint invoked\",\"endpoint\":null,\"method\":null,\"metadata\":{\"version\":\"1.0\",\"module\":\"HELLO\"}}","traceId":"330e04eb-c1d8-4235-b977-42e106b2a99a"}
{"@timestamp":"2026-09-08T10:37:22.644984339+05:30","level":"INFO","logger_name":"com.npst.observability.interceptor.LoggingInterceptor","thread_name":"http-nio-8081-exec-6","message":"Request Started : method=POST uri = /api/v1/audit traceId=330e04eb-c1d8-4235-b977-42e106b2a99a","traceId":"330e04eb-c1d8-4235-b977-42e106b2a99a"}
{"@timestamp":"2026-09-08T10:37:22.645934+05:30","level":"INFO","logger_name":"com.npst.observability.controller.AuditController","thread_name":"http-nio-8081-exec-6","message":"AUDIT_EVENT_RECEIVED","traceId":"330e04eb-c1d8-4235-b977-42e106b2a99a"}
{"@timestamp":"2026-09-08T10:37:22.646125732+05:30","level":"INFO","logger_name":"com.npst.observability.controller.AuditController","thread_name":"http-nio-8081-exec-6","message":"traceId=330e04eb-c1d8-4235-b977-42e106b2a99a","traceId":"330e04eb-c1d8-4235-b977-42e106b2a99a"}
{"@timestamp":"2026-09-08T10:37:22.646199832+05:30","level":"INFO","logger_name":"com.npst.observability.controller.AuditController","thread_name":"http-nio-8081-exec-6","message":"method=GET uri=/api/v1/hello status=200 duration=0ms","traceId":"330e04eb-c1d8-4235-b977-42e106b2a99a"}
{"@timestamp":"2026-09-08T10:37:22.647931119+05:30","level":"INFO","logger_name":"com.npst.observability.interceptor.LoggingInterceptor","thread_name":"http-nio-8080-exec-4","message":"Request Completed : status=200 duration=6ms traceId=330e04eb-c1d8-4235-b977-42e106b2a99a","traceId":"330e04eb-c1d8-4235-b977-42e106b2a99a"}
{"@timestamp":"2026-09-08T10:37:22.65166734+05:30","level":"INFO","logger_name":"com.npst.observability.interceptor.LoggingInterceptor","thread_name":"http-nio-8081-exec-7","message":"Request Started : method=POST uri = /api/v1/audit traceId=330e04eb-c1d8-4235-b977-42e106b2a99a","traceId":"330e04eb-c1d8-4235-b977-42e106b2a99a"}
{"@timestamp":"2026-09-08T10:37:22.652410265+05:30","level":"INFO","logger_name":"com.npst.observability.controller.AuditController","thread_name":"http-nio-8081-exec-7","message":"AUDIT_EVENT_RECEIVED","traceId":"330e04eb-c1d8-4235-b977-42e106b2a99a"}
{"@timestamp":"2026-09-08T10:37:22.652489583+05:30","level":"INFO","logger_name":"com.npst.observability.controller.AuditController","thread_name":"http-nio-8081-exec-7","message":"traceId=330e04eb-c1d8-4235-b977-42e106b2a99a","traceId":"330e04eb-c1d8-4235-b977-42e106b2a99a"}
{"@timestamp":"2026-09-08T10:37:22.652521167+05:30","level":"INFO","logger_name":"com.npst.observability.controller.AuditController","thread_name":"http-nio-8081-exec-7","message":"method=GET uri=/api/v1/hello status=200 duration=6ms","traceId":"330e04eb-c1d8-4235-b977-42e106b2a99a"}
{"@timestamp":"2026-09-08T10:37:22.79651105+05:30","level":"INFO","logger_name":"com.npst.observability.interceptor.LoggingInterceptor","thread_name":"http-nio-8080-exec-5","message":"Request Started : method=GET uri = /api/v1/hello traceId=2d125f0a-752e-4e03-a800-4f58cfe881f8","traceId":"2d125f0a-752e-4e03-a800-4f58cfe881f8"}
{"@timestamp":"2026-09-08T10:37:22.796867926+05:30","level":"INFO","logger_name":"com.npst.observability.logger.CommonLoggerImpl","thread_name":"http-nio-8080-exec-5","message":"{\"timestamp\":\"2026-09-08T05:07:22.796741023Z\",\"traceId\":\"2d125f0a-752e-4e03-a800-4f58cfe881f8\",\"serviceName\":\"sample-bank-app\",\"eventType\":\"APPLICATION\",\"level\":\"INFO\",\"message\":\"Hello endpoint invoked\",\"endpoint\":null,\"method\":null,\"metadata\":{\"version\":\"1.0\",\"module\":\"HELLO\"}}","traceId":"2d125f0a-752e-4e03-a800-4f58cfe881f8"}
{"@timestamp":"2026-09-08T10:37:22.799748371+05:30","level":"INFO","logger_name":"com.npst.observability.interceptor.LoggingInterceptor","thread_name":"http-nio-8081-exec-8","message":"Request Started : method=POST uri = /api/v1/audit traceId=2d125f0a-752e-4e03-a800-4f58cfe881f8","traceId":"2d125f0a-752e-4e03-a800-4f58cfe881f8"}
{"@timestamp":"2026-09-08T10:37:22.800873652+05:30","level":"INFO","logger_name":"com.npst.observability.controller.AuditController","thread_name":"http-nio-8081-exec-8","message":"AUDIT_EVENT_RECEIVED","traceId":"2d125f0a-752e-4e03-a800-4f58cfe881f8"}
{"@timestamp":"2026-09-08T10:37:22.801136899+05:30","level":"INFO","logger_name":"com.npst.observability.controller.AuditController","thread_name":"http-nio-8081-exec-8","message":"traceId=2d125f0a-752e-4e03-a800-4f58cfe881f8","traceId":"2d125f0a-752e-4e03-a800-4f58cfe881f8"}
{"@timestamp":"2026-09-08T10:37:22.801254842+05:30","level":"INFO","logger_name":"com.npst.observability.controller.AuditController","thread_name":"http-nio-8081-exec-8","message":"method=GET uri=/api/v1/hello status=200 duration=0ms","traceId":"2d125f0a-752e-4e03-a800-4f58cfe881f8"}
{"@timestamp":"2026-09-08T10:37:22.802811861+05:30","level":"INFO","logger_name":"com.npst.observability.interceptor.LoggingInterceptor","thread_name":"http-nio-8080-exec-5","message":"Request Completed : status=200 duration=6ms traceId=2d125f0a-752e-4e03-a800-4f58cfe881f8","traceId":"2d125f0a-752e-4e03-a800-4f58cfe881f8"}
{"@timestamp":"2026-09-08T10:37:22.805770173+05:30","level":"INFO","logger_name":"com.npst.observability.interceptor.LoggingInterceptor","thread_name":"http-nio-8081-exec-9","message":"Request Started : method=POST uri = /api/v1/audit traceId=2d125f0a-752e-4e03-a800-4f58cfe881f8","traceId":"2d125f0a-752e-4e03-a800-4f58cfe881f8"}
{"@timestamp":"2026-09-08T10:37:22.806660619+05:30","level":"INFO","logger_name":"com.npst.observability.controller.AuditController","thread_name":"http-nio-8081-exec-9","message":"AUDIT_EVENT_RECEIVED","traceId":"2d125f0a-752e-4e03-a800-4f58cfe881f8"}
{"@timestamp":"2026-09-08T10:37:22.806823008+05:30","level":"INFO","logger_name":"com.npst.observability.controller.AuditController","thread_name":"http-nio-8081-exec-9","message":"traceId=2d125f0a-752e-4e03-a800-4f58cfe881f8","traceId":"2d125f0a-752e-4e03-a800-4f58cfe881f8"}
{"@timestamp":"2026-09-08T10:37:22.806884071+05:30","level":"INFO","logger_name":"com.npst.observability.controller.AuditController","thread_name":"http-nio-8081-exec-9","message":"method=GET uri=/api/v1/hello status=200 duration=6ms","traceId":"2d125f0a-752e-4e03-a800-4f58cfe881f8"}
{"@timestamp":"2026-09-08T10:37:22.951468977+05:30","level":"INFO","logger_name":"com.npst.observability.interceptor.LoggingInterceptor","thread_name":"http-nio-8080-exec-6","message":"Request Started : method=GET uri = /api/v1/hello traceId=8020d69b-3a9e-40af-af3d-1382a4015e3e","traceId":"8020d69b-3a9e-40af-af3d-1382a4015e3e"}
{"@timestamp":"2026-09-08T10:37:22.951852059+05:30","level":"INFO","logger_name":"com.npst.observability.logger.CommonLoggerImpl","thread_name":"http-nio-8080-exec-6","message":"{\"timestamp\":\"2026-09-08T05:07:22.951726126Z\",\"traceId\":\"8020d69b-3a9e-40af-af3d-1382a4015e3e\",\"serviceName\":\"sample-bank-app\",\"eventType\":\"APPLICATION\",\"level\":\"INFO\",\"message\":\"Hello endpoint invoked\",\"endpoint\":null,\"method\":null,\"metadata\":{\"version\":\"1.0\",\"module\":\"HELLO\"}}","traceId":"8020d69b-3a9e-40af-af3d-1382a4015e3e"}
{"@timestamp":"2026-09-08T10:37:22.954354117+05:30","level":"INFO","logger_name":"com.npst.observability.interceptor.LoggingInterceptor","thread_name":"http-nio-8081-exec-10","message":"Request Started : method=POST uri = /api/v1/audit traceId=8020d69b-3a9e-40af-af3d-1382a4015e3e","traceId":"8020d69b-3a9e-40af-af3d-1382a4015e3e"}
{"@timestamp":"2026-09-08T10:37:22.954930728+05:30","level":"INFO","logger_name":"com.npst.observability.controller.AuditController","thread_name":"http-nio-8081-exec-10","message":"AUDIT_EVENT_RECEIVED","traceId":"8020d69b-3a9e-40af-af3d-1382a4015e3e"}
{"@timestamp":"2026-09-08T10:37:22.954979636+05:30","level":"INFO","logger_name":"com.npst.observability.controller.AuditController","thread_name":"http-nio-8081-exec-10","message":"traceId=8020d69b-3a9e-40af-af3d-1382a4015e3e","traceId":"8020d69b-3a9e-40af-af3d-1382a4015e3e"}
{"@timestamp":"2026-09-08T10:37:22.955000748+05:30","level":"INFO","logger_name":"com.npst.observability.controller.AuditController","thread_name":"http-nio-8081-exec-10","message":"method=GET uri=/api/v1/hello status=200 duration=0ms","traceId":"8020d69b-3a9e-40af-af3d-1382a4015e3e"}
{"@timestamp":"2026-09-08T10:37:22.956079824+05:30","level":"INFO","logger_name":"com.npst.observability.interceptor.LoggingInterceptor","thread_name":"http-nio-8080-exec-6","message":"Request Completed : status=200 duration=5ms traceId=8020d69b-3a9e-40af-af3d-1382a4015e3e","traceId":"8020d69b-3a9e-40af-af3d-1382a4015e3e"}
{"@timestamp":"2026-09-08T10:37:22.959008479+05:30","level":"INFO","logger_name":"com.npst.observability.interceptor.LoggingInterceptor","thread_name":"http-nio-8081-exec-1","message":"Request Started : method=POST uri = /api/v1/audit traceId=8020d69b-3a9e-40af-af3d-1382a4015e3e","traceId":"8020d69b-3a9e-40af-af3d-1382a4015e3e"}
{"@timestamp":"2026-09-08T10:37:22.959878989+05:30","level":"INFO","logger_name":"com.npst.observability.controller.AuditController","thread_name":"http-nio-8081-exec-1","message":"AUDIT_EVENT_RECEIVED","traceId":"8020d69b-3a9e-40af-af3d-1382a4015e3e"}
{"@timestamp":"2026-09-08T10:37:22.95999701+05:30","level":"INFO","logger_name":"com.npst.observability.controller.AuditController","thread_name":"http-nio-8081-exec-1","message":"traceId=8020d69b-3a9e-40af-af3d-1382a4015e3e","traceId":"8020d69b-3a9e-40af-af3d-1382a4015e3e"}
{"@timestamp":"2026-09-08T10:37:22.9600672+05:30","level":"INFO","logger_name":"com.npst.observability.controller.AuditController","thread_name":"http-nio-8081-exec-1","message":"method=GET uri=/api/v1/hello status=200 duration=5ms","traceId":"8020d69b-3a9e-40af-af3d-1382a4015e3e"}
{"@timestamp":"2026-09-08T10:37:23.114113081+05:30","level":"INFO","logger_name":"com.npst.observability.interceptor.LoggingInterceptor","thread_name":"http-nio-8080-exec-7","message":"Request Started : method=GET uri = /api/v1/hello traceId=5ae1f19b-1932-4be4-b8fe-bdcabd9eb910","traceId":"5ae1f19b-1932-4be4-b8fe-bdcabd9eb910"}
{"@timestamp":"2026-09-08T10:37:23.114593283+05:30","level":"INFO","logger_name":"com.npst.observability.logger.CommonLoggerImpl","thread_name":"http-nio-8080-exec-7","message":"{\"timestamp\":\"2026-09-08T05:07:23.114460601Z\",\"traceId\":\"5ae1f19b-1932-4be4-b8fe-bdcabd9eb910\",\"serviceName\":\"sample-bank-app\",\"eventType\":\"APPLICATION\",\"level\":\"INFO\",\"message\":\"Hello endpoint invoked\",\"endpoint\":null,\"method\":null,\"metadata\":{\"version\":\"1.0\",\"module\":\"HELLO\"}}","traceId":"5ae1f19b-1932-4be4-b8fe-bdcabd9eb910"}
{"@timestamp":"2026-09-08T10:37:23.117469489+05:30","level":"INFO","logger_name":"com.npst.observability.interceptor.LoggingInterceptor","thread_name":"http-nio-8081-exec-2","message":"Request Started : method=POST uri = /api/v1/audit traceId=5ae1f19b-1932-4be4-b8fe-bdcabd9eb910","traceId":"5ae1f19b-1932-4be4-b8fe-bdcabd9eb910"}
{"@timestamp":"2026-09-08T10:37:23.118161893+05:30","level":"INFO","logger_name":"com.npst.observability.controller.AuditController","thread_name":"http-nio-8081-exec-2","message":"AUDIT_EVENT_RECEIVED","traceId":"5ae1f19b-1932-4be4-b8fe-bdcabd9eb910"}
{"@timestamp":"2026-09-08T10:37:23.118244256+05:30","level":"INFO","logger_name":"com.npst.observability.controller.AuditController","thread_name":"http-nio-8081-exec-2","message":"traceId=5ae1f19b-1932-4be4-b8fe-bdcabd9eb910","traceId":"5ae1f19b-1932-4be4-b8fe-bdcabd9eb910"}
{"@timestamp":"2026-09-08T10:37:23.118266806+05:30","level":"INFO","logger_name":"com.npst.observability.controller.AuditController","thread_name":"http-nio-8081-exec-2","message":"method=GET uri=/api/v1/hello status=200 duration=0ms","traceId":"5ae1f19b-1932-4be4-b8fe-bdcabd9eb910"}
{"@timestamp":"2026-09-08T10:37:23.120183747+05:30","level":"INFO","logger_name":"com.npst.observability.interceptor.LoggingInterceptor","thread_name":"http-nio-8080-exec-7","message":"Request Completed : status=200 duration=6ms traceId=5ae1f19b-1932-4be4-b8fe-bdcabd9eb910","traceId":"5ae1f19b-1932-4be4-b8fe-bdcabd9eb910"}
{"@timestamp":"2026-09-08T10:37:23.123572554+05:30","level":"INFO","logger_name":"com.npst.observability.interceptor.LoggingInterceptor","thread_name":"http-nio-8081-exec-3","message":"Request Started : method=POST uri = /api/v1/audit traceId=5ae1f19b-1932-4be4-b8fe-bdcabd9eb910","traceId":"5ae1f19b-1932-4be4-b8fe-bdcabd9eb910"}
{"@timestamp":"2026-09-08T10:37:23.124124751+05:30","level":"INFO","logger_name":"com.npst.observability.controller.AuditController","thread_name":"http-nio-8081-exec-3","message":"AUDIT_EVENT_RECEIVED","traceId":"5ae1f19b-1932-4be4-b8fe-bdcabd9eb910"}
{"@timestamp":"2026-09-08T10:37:23.12418676+05:30","level":"INFO","logger_name":"com.npst.observability.controller.AuditController","thread_name":"http-nio-8081-exec-3","message":"traceId=5ae1f19b-1932-4be4-b8fe-bdcabd9eb910","traceId":"5ae1f19b-1932-4be4-b8fe-bdcabd9eb910"}
{"@timestamp":"2026-09-08T10:37:23.124208389+05:30","level":"INFO","logger_name":"com.npst.observability.controller.AuditController","thread_name":"http-nio-8081-exec-3","message":"method=GET uri=/api/v1/hello status=200 duration=6ms","traceId":"5ae1f19b-1932-4be4-b8fe-bdcabd9eb910"}
{"@timestamp":"2026-09-08T10:37:23.311934127+05:30","level":"INFO","logger_name":"com.npst.observability.interceptor.LoggingInterceptor","thread_name":"http-nio-8080-exec-8","message":"Request Started : method=GET uri = /api/v1/hello traceId=24e323df-e34d-4776-b77b-00d89a51736a","traceId":"24e323df-e34d-4776-b77b-00d89a51736a"}
{"@timestamp":"2026-09-08T10:37:23.312597331+05:30","level":"INFO","logger_name":"com.npst.observability.logger.CommonLoggerImpl","thread_name":"http-nio-8080-exec-8","message":"{\"timestamp\":\"2026-09-08T05:07:23.312337240Z\",\"traceId\":\"24e323df-e34d-4776-b77b-00d89a51736a\",\"serviceName\":\"sample-bank-app\",\"eventType\":\"APPLICATION\",\"level\":\"INFO\",\"message\":\"Hello endpoint invoked\",\"endpoint\":null,\"method\":null,\"metadata\":{\"version\":\"1.0\",\"module\":\"HELLO\"}}","traceId":"24e323df-e34d-4776-b77b-00d89a51736a"}
{"@timestamp":"2026-09-08T10:37:23.316071426+05:30","level":"INFO","logger_name":"com.npst.observability.interceptor.LoggingInterceptor","thread_name":"http-nio-8081-exec-4","message":"Request Started : method=POST uri = /api/v1/audit traceId=24e323df-e34d-4776-b77b-00d89a51736a","traceId":"24e323df-e34d-4776-b77b-00d89a51736a"}
{"@timestamp":"2026-09-08T10:37:23.317122492+05:30","level":"INFO","logger_name":"com.npst.observability.controller.AuditController","thread_name":"http-nio-8081-exec-4","message":"AUDIT_EVENT_RECEIVED","traceId":"24e323df-e34d-4776-b77b-00d89a51736a"}
{"@timestamp":"2026-09-08T10:37:23.317286424+05:30","level":"INFO","logger_name":"com.npst.observability.controller.AuditController","thread_name":"http-nio-8081-exec-4","message":"traceId=24e323df-e34d-4776-b77b-00d89a51736a","traceId":"24e323df-e34d-4776-b77b-00d89a51736a"}
{"@timestamp":"2026-09-08T10:37:23.317334981+05:30","level":"INFO","logger_name":"com.npst.observability.controller.AuditController","thread_name":"http-nio-8081-exec-4","message":"method=GET uri=/api/v1/hello status=200 duration=0ms","traceId":"24e323df-e34d-4776-b77b-00d89a51736a"}
{"@timestamp":"2026-09-08T10:37:23.319254347+05:30","level":"INFO","logger_name":"com.npst.observability.interceptor.LoggingInterceptor","thread_name":"http-nio-8080-exec-8","message":"Request Completed : status=200 duration=8ms traceId=24e323df-e34d-4776-b77b-00d89a51736a","traceId":"24e323df-e34d-4776-b77b-00d89a51736a"}
{"@timestamp":"2026-09-08T10:37:23.322223174+05:30","level":"INFO","logger_name":"com.npst.observability.interceptor.LoggingInterceptor","thread_name":"http-nio-8081-exec-5","message":"Request Started : method=POST uri = /api/v1/audit traceId=24e323df-e34d-4776-b77b-00d89a51736a","traceId":"24e323df-e34d-4776-b77b-00d89a51736a"}
{"@timestamp":"2026-09-08T10:37:23.322792956+05:30","level":"INFO","logger_name":"com.npst.observability.controller.AuditController","thread_name":"http-nio-8081-exec-5","message":"AUDIT_EVENT_RECEIVED","traceId":"24e323df-e34d-4776-b77b-00d89a51736a"}
{"@timestamp":"2026-09-08T10:37:23.32284545+05:30","level":"INFO","logger_name":"com.npst.observability.controller.AuditController","thread_name":"http-nio-8081-exec-5","message":"traceId=24e323df-e34d-4776-b77b-00d89a51736a","traceId":"24e323df-e34d-4776-b77b-00d89a51736a"}
{"@timestamp":"2026-09-08T10:37:23.322875223+05:30","level":"INFO","logger_name":"com.npst.observability.controller.AuditController","thread_name":"http-nio-8081-exec-5","message":"method=GET uri=/api/v1/hello status=200 duration=8ms","traceId":"24e323df-e34d-4776-b77b-00d89a51736a"}
{"@timestamp":"2026-09-08T10:37:23.445767598+05:30","level":"INFO","logger_name":"com.npst.observability.interceptor.LoggingInterceptor","thread_name":"http-nio-8080-exec-9","message":"Request Started : method=GET uri = /api/v1/hello traceId=e05b6378-d992-4a50-b5d2-69fa0127407b","traceId":"e05b6378-d992-4a50-b5d2-69fa0127407b"}
{"@timestamp":"2026-09-08T10:37:23.446436374+05:30","level":"INFO","logger_name":"com.npst.observability.logger.CommonLoggerImpl","thread_name":"http-nio-8080-exec-9","message":"{\"timestamp\":\"2026-09-08T05:07:23.446194178Z\",\"traceId\":\"e05b6378-d992-4a50-b5d2-69fa0127407b\",\"serviceName\":\"sample-bank-app\",\"eventType\":\"APPLICATION\",\"level\":\"INFO\",\"message\":\"Hello endpoint invoked\",\"endpoint\":null,\"method\":null,\"metadata\":{\"version\":\"1.0\",\"module\":\"HELLO\"}}","traceId":"e05b6378-d992-4a50-b5d2-69fa0127407b"}
{"@timestamp":"2026-09-08T10:37:23.449981511+05:30","level":"INFO","logger_name":"com.npst.observability.interceptor.LoggingInterceptor","thread_name":"http-nio-8081-exec-6","message":"Request Started : method=POST uri = /api/v1/audit traceId=e05b6378-d992-4a50-b5d2-69fa0127407b","traceId":"e05b6378-d992-4a50-b5d2-69fa0127407b"}
{"@timestamp":"2026-09-08T10:37:23.451079807+05:30","level":"INFO","logger_name":"com.npst.observability.controller.AuditController","thread_name":"http-nio-8081-exec-6","message":"AUDIT_EVENT_RECEIVED","traceId":"e05b6378-d992-4a50-b5d2-69fa0127407b"}
{"@timestamp":"2026-09-08T10:37:23.451277149+05:30","level":"INFO","logger_name":"com.npst.observability.controller.AuditController","thread_name":"http-nio-8081-exec-6","message":"traceId=e05b6378-d992-4a50-b5d2-69fa0127407b","traceId":"e05b6378-d992-4a50-b5d2-69fa0127407b"}
{"@timestamp":"2026-09-08T10:37:23.451360126+05:30","level":"INFO","logger_name":"com.npst.observability.controller.AuditController","thread_name":"http-nio-8081-exec-6","message":"method=GET uri=/api/v1/hello status=200 duration=0ms","traceId":"e05b6378-d992-4a50-b5d2-69fa0127407b"}
{"@timestamp":"2026-09-08T10:37:23.453512609+05:30","level":"INFO","logger_name":"com.npst.observability.interceptor.LoggingInterceptor","thread_name":"http-nio-8080-exec-9","message":"Request Completed : status=200 duration=8ms traceId=e05b6378-d992-4a50-b5d2-69fa0127407b","traceId":"e05b6378-d992-4a50-b5d2-69fa0127407b"}
{"@timestamp":"2026-09-08T10:37:23.457004511+05:30","level":"INFO","logger_name":"com.npst.observability.interceptor.LoggingInterceptor","thread_name":"http-nio-8081-exec-7","message":"Request Started : method=POST uri = /api/v1/audit traceId=e05b6378-d992-4a50-b5d2-69fa0127407b","traceId":"e05b6378-d992-4a50-b5d2-69fa0127407b"}
{"@timestamp":"2026-09-08T10:37:23.457594397+05:30","level":"INFO","logger_name":"com.npst.observability.controller.AuditController","thread_name":"http-nio-8081-exec-7","message":"AUDIT_EVENT_RECEIVED","traceId":"e05b6378-d992-4a50-b5d2-69fa0127407b"}
{"@timestamp":"2026-09-08T10:37:23.45764699+05:30","level":"INFO","logger_name":"com.npst.observability.controller.AuditController","thread_name":"http-nio-8081-exec-7","message":"traceId=e05b6378-d992-4a50-b5d2-69fa0127407b","traceId":"e05b6378-d992-4a50-b5d2-69fa0127407b"}
{"@timestamp":"2026-09-08T10:37:23.457668261+05:30","level":"INFO","logger_name":"com.npst.observability.controller.AuditController","thread_name":"http-nio-8081-exec-7","message":"method=GET uri=/api/v1/hello status=200 duration=8ms","traceId":"e05b6378-d992-4a50-b5d2-69fa0127407b"}
{"@timestamp":"2026-09-08T10:37:23.655462788+05:30","level":"INFO","logger_name":"com.npst.observability.interceptor.LoggingInterceptor","thread_name":"http-nio-8080-exec-10","message":"Request Started : method=GET uri = /api/v1/hello traceId=2490b4da-c619-4b8c-ad8a-dc66b6e7d1db","traceId":"2490b4da-c619-4b8c-ad8a-dc66b6e7d1db"}
{"@timestamp":"2026-09-08T10:37:23.655838308+05:30","level":"INFO","logger_name":"com.npst.observability.logger.CommonLoggerImpl","thread_name":"http-nio-8080-exec-10","message":"{\"timestamp\":\"2026-09-08T05:07:23.655723732Z\",\"traceId\":\"2490b4da-c619-4b8c-ad8a-dc66b6e7d1db\",\"serviceName\":\"sample-bank-app\",\"eventType\":\"APPLICATION\",\"level\":\"INFO\",\"message\":\"Hello endpoint invoked\",\"endpoint\":null,\"method\":null,\"metadata\":{\"version\":\"1.0\",\"module\":\"HELLO\"}}","traceId":"2490b4da-c619-4b8c-ad8a-dc66b6e7d1db"}
{"@timestamp":"2026-09-08T10:37:23.658163953+05:30","level":"INFO","logger_name":"com.npst.observability.interceptor.LoggingInterceptor","thread_name":"http-nio-8081-exec-8","message":"Request Started : method=POST uri = /api/v1/audit traceId=2490b4da-c619-4b8c-ad8a-dc66b6e7d1db","traceId":"2490b4da-c619-4b8c-ad8a-dc66b6e7d1db"}
{"@timestamp":"2026-09-08T10:37:23.658755855+05:30","level":"INFO","logger_name":"com.npst.observability.controller.AuditController","thread_name":"http-nio-8081-exec-8","message":"AUDIT_EVENT_RECEIVED","traceId":"2490b4da-c619-4b8c-ad8a-dc66b6e7d1db"}
{"@timestamp":"2026-09-08T10:37:23.658802626+05:30","level":"INFO","logger_name":"com.npst.observability.controller.AuditController","thread_name":"http-nio-8081-exec-8","message":"traceId=2490b4da-c619-4b8c-ad8a-dc66b6e7d1db","traceId":"2490b4da-c619-4b8c-ad8a-dc66b6e7d1db"}
{"@timestamp":"2026-09-08T10:37:23.658834204+05:30","level":"INFO","logger_name":"com.npst.observability.controller.AuditController","thread_name":"http-nio-8081-exec-8","message":"method=GET uri=/api/v1/hello status=200 duration=0ms","traceId":"2490b4da-c619-4b8c-ad8a-dc66b6e7d1db"}
{"@timestamp":"2026-09-08T10:37:23.6599328+05:30","level":"INFO","logger_name":"com.npst.observability.interceptor.LoggingInterceptor","thread_name":"http-nio-8080-exec-10","message":"Request Completed : status=200 duration=4ms traceId=2490b4da-c619-4b8c-ad8a-dc66b6e7d1db","traceId":"2490b4da-c619-4b8c-ad8a-dc66b6e7d1db"}
{"@timestamp":"2026-09-08T10:37:23.663309956+05:30","level":"INFO","logger_name":"com.npst.observability.interceptor.LoggingInterceptor","thread_name":"http-nio-8081-exec-9","message":"Request Started : method=POST uri = /api/v1/audit traceId=2490b4da-c619-4b8c-ad8a-dc66b6e7d1db","traceId":"2490b4da-c619-4b8c-ad8a-dc66b6e7d1db"}
{"@timestamp":"2026-09-08T10:37:23.664509199+05:30","level":"INFO","logger_name":"com.npst.observability.controller.AuditController","thread_name":"http-nio-8081-exec-9","message":"AUDIT_EVENT_RECEIVED","traceId":"2490b4da-c619-4b8c-ad8a-dc66b6e7d1db"}
{"@timestamp":"2026-09-08T10:37:23.664737409+05:30","level":"INFO","logger_name":"com.npst.observability.controller.AuditController","thread_name":"http-nio-8081-exec-9","message":"traceId=2490b4da-c619-4b8c-ad8a-dc66b6e7d1db","traceId":"2490b4da-c619-4b8c-ad8a-dc66b6e7d1db"}
{"@timestamp":"2026-09-08T10:37:23.66479507+05:30","level":"INFO","logger_name":"com.npst.observability.controller.AuditController","thread_name":"http-nio-8081-exec-9","message":"method=GET uri=/api/v1/hello status=200 duration=4ms","traceId":"2490b4da-c619-4b8c-ad8a-dc66b6e7d1db"}
{"@timestamp":"2026-09-08T10:37:23.797172048+05:30","level":"INFO","logger_name":"com.npst.observability.interceptor.LoggingInterceptor","thread_name":"http-nio-8080-exec-1","message":"Request Started : method=GET uri = /api/v1/hello traceId=7205e7ee-f6ec-4977-b916-7e0167ed57e1","traceId":"7205e7ee-f6ec-4977-b916-7e0167ed57e1"}
{"@timestamp":"2026-09-08T10:37:23.797972492+05:30","level":"INFO","logger_name":"com.npst.observability.logger.CommonLoggerImpl","thread_name":"http-nio-8080-exec-1","message":"{\"timestamp\":\"2026-09-08T05:07:23.797700679Z\",\"traceId\":\"7205e7ee-f6ec-4977-b916-7e0167ed57e1\",\"serviceName\":\"sample-bank-app\",\"eventType\":\"APPLICATION\",\"level\":\"INFO\",\"message\":\"Hello endpoint invoked\",\"endpoint\":null,\"method\":null,\"metadata\":{\"version\":\"1.0\",\"module\":\"HELLO\"}}","traceId":"7205e7ee-f6ec-4977-b916-7e0167ed57e1"}
{"@timestamp":"2026-09-08T10:37:23.801757884+05:30","level":"INFO","logger_name":"com.npst.observability.interceptor.LoggingInterceptor","thread_name":"http-nio-8081-exec-1","message":"Request Started : method=POST uri = /api/v1/audit traceId=7205e7ee-f6ec-4977-b916-7e0167ed57e1","traceId":"7205e7ee-f6ec-4977-b916-7e0167ed57e1"}
{"@timestamp":"2026-09-08T10:37:23.802665034+05:30","level":"INFO","logger_name":"com.npst.observability.controller.AuditController","thread_name":"http-nio-8081-exec-1","message":"AUDIT_EVENT_RECEIVED","traceId":"7205e7ee-f6ec-4977-b916-7e0167ed57e1"}
{"@timestamp":"2026-09-08T10:37:23.802833936+05:30","level":"INFO","logger_name":"com.npst.observability.controller.AuditController","thread_name":"http-nio-8081-exec-1","message":"traceId=7205e7ee-f6ec-4977-b916-7e0167ed57e1","traceId":"7205e7ee-f6ec-4977-b916-7e0167ed57e1"}
{"@timestamp":"2026-09-08T10:37:23.802876806+05:30","level":"INFO","logger_name":"com.npst.observability.controller.AuditController","thread_name":"http-nio-8081-exec-1","message":"method=GET uri=/api/v1/hello status=200 duration=0ms","traceId":"7205e7ee-f6ec-4977-b916-7e0167ed57e1"}
{"@timestamp":"2026-09-08T10:37:23.804865558+05:30","level":"INFO","logger_name":"com.npst.observability.interceptor.LoggingInterceptor","thread_name":"http-nio-8080-exec-1","message":"Request Completed : status=200 duration=7ms traceId=7205e7ee-f6ec-4977-b916-7e0167ed57e1","traceId":"7205e7ee-f6ec-4977-b916-7e0167ed57e1"}
{"@timestamp":"2026-09-08T10:37:23.808356437+05:30","level":"INFO","logger_name":"com.npst.observability.interceptor.LoggingInterceptor","thread_name":"http-nio-8081-exec-2","message":"Request Started : method=POST uri = /api/v1/audit traceId=7205e7ee-f6ec-4977-b916-7e0167ed57e1","traceId":"7205e7ee-f6ec-4977-b916-7e0167ed57e1"}
{"@timestamp":"2026-09-08T10:37:23.8089069+05:30","level":"INFO","logger_name":"com.npst.observability.controller.AuditController","thread_name":"http-nio-8081-exec-2","message":"AUDIT_EVENT_RECEIVED","traceId":"7205e7ee-f6ec-4977-b916-7e0167ed57e1"}
{"@timestamp":"2026-09-08T10:37:23.808948632+05:30","level":"INFO","logger_name":"com.npst.observability.controller.AuditController","thread_name":"http-nio-8081-exec-2","message":"traceId=7205e7ee-f6ec-4977-b916-7e0167ed57e1","traceId":"7205e7ee-f6ec-4977-b916-7e0167ed57e1"}
{"@timestamp":"2026-09-08T10:37:23.808969793+05:30","level":"INFO","logger_name":"com.npst.observability.controller.AuditController","thread_name":"http-nio-8081-exec-2","message":"method=GET uri=/api/v1/hello status=200 duration=7ms","traceId":"7205e7ee-f6ec-4977-b916-7e0167ed57e1"}
{"@timestamp":"2026-09-08T10:37:23.976140695+05:30","level":"INFO","logger_name":"com.npst.observability.interceptor.LoggingInterceptor","thread_name":"http-nio-8080-exec-2","message":"Request Started : method=GET uri = /api/v1/hello traceId=786889b2-0e76-4b91-980a-20588f799dae","traceId":"786889b2-0e76-4b91-980a-20588f799dae"}
{"@timestamp":"2026-09-08T10:37:23.976807048+05:30","level":"INFO","logger_name":"com.npst.observability.logger.CommonLoggerImpl","thread_name":"http-nio-8080-exec-2","message":"{\"timestamp\":\"2026-09-08T05:07:23.976559265Z\",\"traceId\":\"786889b2-0e76-4b91-980a-20588f799dae\",\"serviceName\":\"sample-bank-app\",\"eventType\":\"APPLICATION\",\"level\":\"INFO\",\"message\":\"Hello endpoint invoked\",\"endpoint\":null,\"method\":null,\"metadata\":{\"version\":\"1.0\",\"module\":\"HELLO\"}}","traceId":"786889b2-0e76-4b91-980a-20588f799dae"}
{"@timestamp":"2026-09-08T10:37:23.980270962+05:30","level":"INFO","logger_name":"com.npst.observability.interceptor.LoggingInterceptor","thread_name":"http-nio-8081-exec-3","message":"Request Started : method=POST uri = /api/v1/audit traceId=786889b2-0e76-4b91-980a-20588f799dae","traceId":"786889b2-0e76-4b91-980a-20588f799dae"}
{"@timestamp":"2026-09-08T10:37:23.981174983+05:30","level":"INFO","logger_name":"com.npst.observability.controller.AuditController","thread_name":"http-nio-8081-exec-3","message":"AUDIT_EVENT_RECEIVED","traceId":"786889b2-0e76-4b91-980a-20588f799dae"}
{"@timestamp":"2026-09-08T10:37:23.98131932+05:30","level":"INFO","logger_name":"com.npst.observability.controller.AuditController","thread_name":"http-nio-8081-exec-3","message":"traceId=786889b2-0e76-4b91-980a-20588f799dae","traceId":"786889b2-0e76-4b91-980a-20588f799dae"}
{"@timestamp":"2026-09-08T10:37:23.981360883+05:30","level":"INFO","logger_name":"com.npst.observability.controller.AuditController","thread_name":"http-nio-8081-exec-3","message":"method=GET uri=/api/v1/hello status=200 duration=0ms","traceId":"786889b2-0e76-4b91-980a-20588f799dae"}
{"@timestamp":"2026-09-08T10:37:23.983540561+05:30","level":"INFO","logger_name":"com.npst.observability.interceptor.LoggingInterceptor","thread_name":"http-nio-8080-exec-2","message":"Request Completed : status=200 duration=7ms traceId=786889b2-0e76-4b91-980a-20588f799dae","traceId":"786889b2-0e76-4b91-980a-20588f799dae"}
{"@timestamp":"2026-09-08T10:37:23.987588449+05:30","level":"INFO","logger_name":"com.npst.observability.interceptor.LoggingInterceptor","thread_name":"http-nio-8081-exec-4","message":"Request Started : method=POST uri = /api/v1/audit traceId=786889b2-0e76-4b91-980a-20588f799dae","traceId":"786889b2-0e76-4b91-980a-20588f799dae"}
{"@timestamp":"2026-09-08T10:37:23.988616229+05:30","level":"INFO","logger_name":"com.npst.observability.controller.AuditController","thread_name":"http-nio-8081-exec-4","message":"AUDIT_EVENT_RECEIVED","traceId":"786889b2-0e76-4b91-980a-20588f799dae"}
{"@timestamp":"2026-09-08T10:37:23.988824394+05:30","level":"INFO","logger_name":"com.npst.observability.controller.AuditController","thread_name":"http-nio-8081-exec-4","message":"traceId=786889b2-0e76-4b91-980a-20588f799dae","traceId":"786889b2-0e76-4b91-980a-20588f799dae"}
{"@timestamp":"2026-09-08T10:37:23.98890541+05:30","level":"INFO","logger_name":"com.npst.observability.controller.AuditController","thread_name":"http-nio-8081-exec-4","message":"method=GET uri=/api/v1/hello status=200 duration=7ms","traceId":"786889b2-0e76-4b91-980a-20588f799dae"}
{"@timestamp":"2026-09-08T10:39:02.472936617+05:30","level":"INFO","logger_name":"com.npst.observability.interceptor.LoggingInterceptor","thread_name":"http-nio-8080-exec-5","message":"Request Started : method=GET uri = /api/v1/hello traceId=47bf4ceb-4bf2-4038-9d1e-cade29664fd0","traceId":"47bf4ceb-4bf2-4038-9d1e-cade29664fd0"}
{"@timestamp":"2026-09-08T10:39:02.476936441+05:30","level":"INFO","logger_name":"com.npst.observability.logger.CommonLoggerImpl","thread_name":"http-nio-8080-exec-5","message":"{\"timestamp\":\"2026-09-08T05:09:02.476600932Z\",\"traceId\":\"47bf4ceb-4bf2-4038-9d1e-cade29664fd0\",\"serviceName\":\"sample-bank-app\",\"eventType\":\"APPLICATION\",\"level\":\"INFO\",\"message\":\"Hello endpoint invoked\",\"endpoint\":null,\"method\":null,\"metadata\":{\"version\":\"1.0\",\"module\":\"HELLO\"}}","traceId":"47bf4ceb-4bf2-4038-9d1e-cade29664fd0"}
{"@timestamp":"2026-09-08T10:39:02.4795091+05:30","level":"INFO","logger_name":"com.npst.observability.interceptor.LoggingInterceptor","thread_name":"http-nio-8081-exec-5","message":"Request Started : method=POST uri = /api/v1/audit traceId=47bf4ceb-4bf2-4038-9d1e-cade29664fd0","traceId":"47bf4ceb-4bf2-4038-9d1e-cade29664fd0"}
{"@timestamp":"2026-09-08T10:39:02.480122689+05:30","level":"INFO","logger_name":"com.npst.observability.controller.AuditController","thread_name":"http-nio-8081-exec-5","message":"AUDIT_EVENT_RECEIVED","traceId":"47bf4ceb-4bf2-4038-9d1e-cade29664fd0"}
{"@timestamp":"2026-09-08T10:39:02.48020251+05:30","level":"INFO","logger_name":"com.npst.observability.controller.AuditController","thread_name":"http-nio-8081-exec-5","message":"traceId=47bf4ceb-4bf2-4038-9d1e-cade29664fd0","traceId":"47bf4ceb-4bf2-4038-9d1e-cade29664fd0"}
{"@timestamp":"2026-09-08T10:39:02.480225231+05:30","level":"INFO","logger_name":"com.npst.observability.controller.AuditController","thread_name":"http-nio-8081-exec-5","message":"method=GET uri=/api/v1/hello status=200 duration=0ms","traceId":"47bf4ceb-4bf2-4038-9d1e-cade29664fd0"}
{"@timestamp":"2026-09-08T10:39:02.481514325+05:30","level":"INFO","logger_name":"com.npst.observability.interceptor.LoggingInterceptor","thread_name":"http-nio-8080-exec-5","message":"Request Completed : status=200 duration=9ms traceId=47bf4ceb-4bf2-4038-9d1e-cade29664fd0","traceId":"47bf4ceb-4bf2-4038-9d1e-cade29664fd0"}
{"@timestamp":"2026-09-08T10:39:02.485694379+05:30","level":"INFO","logger_name":"com.npst.observability.interceptor.LoggingInterceptor","thread_name":"http-nio-8081-exec-6","message":"Request Started : method=POST uri = /api/v1/audit traceId=47bf4ceb-4bf2-4038-9d1e-cade29664fd0","traceId":"47bf4ceb-4bf2-4038-9d1e-cade29664fd0"}
{"@timestamp":"2026-09-08T10:39:02.486693554+05:30","level":"INFO","logger_name":"com.npst.observability.controller.AuditController","thread_name":"http-nio-8081-exec-6","message":"AUDIT_EVENT_RECEIVED","traceId":"47bf4ceb-4bf2-4038-9d1e-cade29664fd0"}
{"@timestamp":"2026-09-08T10:39:02.486896646+05:30","level":"INFO","logger_name":"com.npst.observability.controller.AuditController","thread_name":"http-nio-8081-exec-6","message":"traceId=47bf4ceb-4bf2-4038-9d1e-cade29664fd0","traceId":"47bf4ceb-4bf2-4038-9d1e-cade29664fd0"}
{"@timestamp":"2026-09-08T10:39:02.486959085+05:30","level":"INFO","logger_name":"com.npst.observability.controller.AuditController","thread_name":"http-nio-8081-exec-6","message":"method=GET uri=/api/v1/hello status=200 duration=9ms","traceId":"47bf4ceb-4bf2-4038-9d1e-cade29664fd0"}
{"@timestamp":"2026-09-08T11:04:46.496035407+05:30","level":"INFO","logger_name":"com.npst.observability.interceptor.LoggingInterceptor","thread_name":"http-nio-8080-exec-10","message":"Request Started : method=GET uri = /api/v1/hello traceId=f97bec37-cb2b-42b7-85dc-0b2cec3d0ba3","traceId":"f97bec37-cb2b-42b7-85dc-0b2cec3d0ba3"}
{"@timestamp":"2026-09-08T11:04:46.496856231+05:30","level":"INFO","logger_name":"com.npst.observability.logger.CommonLoggerImpl","thread_name":"http-nio-8080-exec-10","message":"{\"timestamp\":\"2026-09-08T05:34:46.496592115Z\",\"traceId\":\"f97bec37-cb2b-42b7-85dc-0b2cec3d0ba3\",\"serviceName\":\"sample-bank-app\",\"eventType\":\"APPLICATION\",\"level\":\"INFO\",\"message\":\"Hello endpoint invoked\",\"endpoint\":null,\"method\":null,\"metadata\":{\"version\":\"1.0\",\"module\":\"HELLO\"}}","traceId":"f97bec37-cb2b-42b7-85dc-0b2cec3d0ba3"}
{"@timestamp":"2026-09-08T11:04:46.499888325+05:30","level":"INFO","logger_name":"com.npst.observability.interceptor.LoggingInterceptor","thread_name":"http-nio-8081-exec-8","message":"Request Started : method=POST uri = /api/v1/audit traceId=f97bec37-cb2b-42b7-85dc-0b2cec3d0ba3","traceId":"f97bec37-cb2b-42b7-85dc-0b2cec3d0ba3"}
{"@timestamp":"2026-09-08T11:04:46.501282994+05:30","level":"INFO","logger_name":"com.npst.observability.controller.AuditController","thread_name":"http-nio-8081-exec-8","message":"AUDIT_EVENT_RECEIVED","traceId":"f97bec37-cb2b-42b7-85dc-0b2cec3d0ba3"}
{"@timestamp":"2026-09-08T11:04:46.501501086+05:30","level":"INFO","logger_name":"com.npst.observability.controller.AuditController","thread_name":"http-nio-8081-exec-8","message":"traceId=f97bec37-cb2b-42b7-85dc-0b2cec3d0ba3","traceId":"f97bec37-cb2b-42b7-85dc-0b2cec3d0ba3"}
{"@timestamp":"2026-09-08T11:04:46.501574256+05:30","level":"INFO","logger_name":"com.npst.observability.controller.AuditController","thread_name":"http-nio-8081-exec-8","message":"method=GET uri=/api/v1/hello status=200 duration=0ms","traceId":"f97bec37-cb2b-42b7-85dc-0b2cec3d0ba3"}
{"@timestamp":"2026-09-08T11:04:46.505647233+05:30","level":"INFO","logger_name":"com.npst.observability.interceptor.LoggingInterceptor","thread_name":"http-nio-8080-exec-10","message":"Request Completed : status=200 duration=10ms traceId=f97bec37-cb2b-42b7-85dc-0b2cec3d0ba3","traceId":"f97bec37-cb2b-42b7-85dc-0b2cec3d0ba3"}
{"@timestamp":"2026-09-08T11:04:46.50953015+05:30","level":"INFO","logger_name":"com.npst.observability.interceptor.LoggingInterceptor","thread_name":"http-nio-8081-exec-9","message":"Request Started : method=POST uri = /api/v1/audit traceId=f97bec37-cb2b-42b7-85dc-0b2cec3d0ba3","traceId":"f97bec37-cb2b-42b7-85dc-0b2cec3d0ba3"}
{"@timestamp":"2026-09-08T11:04:46.510708214+05:30","level":"INFO","logger_name":"com.npst.observability.controller.AuditController","thread_name":"http-nio-8081-exec-9","message":"AUDIT_EVENT_RECEIVED","traceId":"f97bec37-cb2b-42b7-85dc-0b2cec3d0ba3"}
{"@timestamp":"2026-09-08T11:04:46.511043611+05:30","level":"INFO","logger_name":"com.npst.observability.controller.AuditController","thread_name":"http-nio-8081-exec-9","message":"traceId=f97bec37-cb2b-42b7-85dc-0b2cec3d0ba3","traceId":"f97bec37-cb2b-42b7-85dc-0b2cec3d0ba3"}
{"@timestamp":"2026-09-08T11:04:46.511192619+05:30","level":"INFO","logger_name":"com.npst.observability.controller.AuditController","thread_name":"http-nio-8081-exec-9","message":"method=GET uri=/api/v1/hello status=200 duration=10ms","traceId":"f97bec37-cb2b-42b7-85dc-0b2cec3d0ba3"}
{"@timestamp":"2026-09-08T11:04:48.19406267+05:30","level":"INFO","logger_name":"com.npst.observability.interceptor.LoggingInterceptor","thread_name":"http-nio-8080-exec-1","message":"Request Started : method=GET uri = /api/v1/hello traceId=ac641185-f2ea-45c6-a592-c0c5e73453cd","traceId":"ac641185-f2ea-45c6-a592-c0c5e73453cd"}
{"@timestamp":"2026-09-08T11:04:48.194846349+05:30","level":"INFO","logger_name":"com.npst.observability.logger.CommonLoggerImpl","thread_name":"http-nio-8080-exec-1","message":"{\"timestamp\":\"2026-09-08T05:34:48.194569902Z\",\"traceId\":\"ac641185-f2ea-45c6-a592-c0c5e73453cd\",\"serviceName\":\"sample-bank-app\",\"eventType\":\"APPLICATION\",\"level\":\"INFO\",\"message\":\"Hello endpoint invoked\",\"endpoint\":null,\"method\":null,\"metadata\":{\"version\":\"1.0\",\"module\":\"HELLO\"}}","traceId":"ac641185-f2ea-45c6-a592-c0c5e73453cd"}
{"@timestamp":"2026-09-08T11:04:48.199775907+05:30","level":"INFO","logger_name":"com.npst.observability.interceptor.LoggingInterceptor","thread_name":"http-nio-8081-exec-10","message":"Request Started : method=POST uri = /api/v1/audit traceId=ac641185-f2ea-45c6-a592-c0c5e73453cd","traceId":"ac641185-f2ea-45c6-a592-c0c5e73453cd"}
{"@timestamp":"2026-09-08T11:04:48.200538341+05:30","level":"INFO","logger_name":"com.npst.observability.controller.AuditController","thread_name":"http-nio-8081-exec-10","message":"AUDIT_EVENT_RECEIVED","traceId":"ac641185-f2ea-45c6-a592-c0c5e73453cd"}
{"@timestamp":"2026-09-08T11:04:48.200655153+05:30","level":"INFO","logger_name":"com.npst.observability.controller.AuditController","thread_name":"http-nio-8081-exec-10","message":"traceId=ac641185-f2ea-45c6-a592-c0c5e73453cd","traceId":"ac641185-f2ea-45c6-a592-c0c5e73453cd"}
{"@timestamp":"2026-09-08T11:04:48.200683312+05:30","level":"INFO","logger_name":"com.npst.observability.controller.AuditController","thread_name":"http-nio-8081-exec-10","message":"method=GET uri=/api/v1/hello status=200 duration=0ms","traceId":"ac641185-f2ea-45c6-a592-c0c5e73453cd"}
{"@timestamp":"2026-09-08T11:04:48.202267163+05:30","level":"INFO","logger_name":"com.npst.observability.interceptor.LoggingInterceptor","thread_name":"http-nio-8080-exec-1","message":"Request Completed : status=200 duration=8ms traceId=ac641185-f2ea-45c6-a592-c0c5e73453cd","traceId":"ac641185-f2ea-45c6-a592-c0c5e73453cd"}
{"@timestamp":"2026-09-08T11:04:48.205937783+05:30","level":"INFO","logger_name":"com.npst.observability.interceptor.LoggingInterceptor","thread_name":"http-nio-8081-exec-1","message":"Request Started : method=POST uri = /api/v1/audit traceId=ac641185-f2ea-45c6-a592-c0c5e73453cd","traceId":"ac641185-f2ea-45c6-a592-c0c5e73453cd"}
{"@timestamp":"2026-09-08T11:04:48.206985658+05:30","level":"INFO","logger_name":"com.npst.observability.controller.AuditController","thread_name":"http-nio-8081-exec-1","message":"AUDIT_EVENT_RECEIVED","traceId":"ac641185-f2ea-45c6-a592-c0c5e73453cd"}
{"@timestamp":"2026-09-08T11:04:48.207190628+05:30","level":"INFO","logger_name":"com.npst.observability.controller.AuditController","thread_name":"http-nio-8081-exec-1","message":"traceId=ac641185-f2ea-45c6-a592-c0c5e73453cd","traceId":"ac641185-f2ea-45c6-a592-c0c5e73453cd"}
{"@timestamp":"2026-09-08T11:04:48.207291294+05:30","level":"INFO","logger_name":"com.npst.observability.controller.AuditController","thread_name":"http-nio-8081-exec-1","message":"method=GET uri=/api/v1/hello status=200 duration=8ms","traceId":"ac641185-f2ea-45c6-a592-c0c5e73453cd"}
{"@timestamp":"2026-09-08T11:04:48.76570077+05:30","level":"INFO","logger_name":"com.npst.observability.interceptor.LoggingInterceptor","thread_name":"http-nio-8080-exec-2","message":"Request Started : method=GET uri = /api/v1/hello traceId=98b31bc2-10bb-419b-afe4-0d76e5172994","traceId":"98b31bc2-10bb-419b-afe4-0d76e5172994"}
{"@timestamp":"2026-09-08T11:04:48.766054942+05:30","level":"INFO","logger_name":"com.npst.observability.logger.CommonLoggerImpl","thread_name":"http-nio-8080-exec-2","message":"{\"timestamp\":\"2026-09-08T05:34:48.765933888Z\",\"traceId\":\"98b31bc2-10bb-419b-afe4-0d76e5172994\",\"serviceName\":\"sample-bank-app\",\"eventType\":\"APPLICATION\",\"level\":\"INFO\",\"message\":\"Hello endpoint invoked\",\"endpoint\":null,\"method\":null,\"metadata\":{\"version\":\"1.0\",\"module\":\"HELLO\"}}","traceId":"98b31bc2-10bb-419b-afe4-0d76e5172994"}
{"@timestamp":"2026-09-08T11:04:48.768441799+05:30","level":"INFO","logger_name":"com.npst.observability.interceptor.LoggingInterceptor","thread_name":"http-nio-8081-exec-2","message":"Request Started : method=POST uri = /api/v1/audit traceId=98b31bc2-10bb-419b-afe4-0d76e5172994","traceId":"98b31bc2-10bb-419b-afe4-0d76e5172994"}
{"@timestamp":"2026-09-08T11:04:48.768925188+05:30","level":"INFO","logger_name":"com.npst.observability.controller.AuditController","thread_name":"http-nio-8081-exec-2","message":"AUDIT_EVENT_RECEIVED","traceId":"98b31bc2-10bb-419b-afe4-0d76e5172994"}
{"@timestamp":"2026-09-08T11:04:48.768965028+05:30","level":"INFO","logger_name":"com.npst.observability.controller.AuditController","thread_name":"http-nio-8081-exec-2","message":"traceId=98b31bc2-10bb-419b-afe4-0d76e5172994","traceId":"98b31bc2-10bb-419b-afe4-0d76e5172994"}
{"@timestamp":"2026-09-08T11:04:48.76898516+05:30","level":"INFO","logger_name":"com.npst.observability.controller.AuditController","thread_name":"http-nio-8081-exec-2","message":"method=GET uri=/api/v1/hello status=200 duration=0ms","traceId":"98b31bc2-10bb-419b-afe4-0d76e5172994"}
{"@timestamp":"2026-09-08T11:04:48.769837365+05:30","level":"INFO","logger_name":"com.npst.observability.interceptor.LoggingInterceptor","thread_name":"http-nio-8080-exec-2","message":"Request Completed : status=200 duration=4ms traceId=98b31bc2-10bb-419b-afe4-0d76e5172994","traceId":"98b31bc2-10bb-419b-afe4-0d76e5172994"}
{"@timestamp":"2026-09-08T11:04:48.772471931+05:30","level":"INFO","logger_name":"com.npst.observability.interceptor.LoggingInterceptor","thread_name":"http-nio-8081-exec-3","message":"Request Started : method=POST uri = /api/v1/audit traceId=98b31bc2-10bb-419b-afe4-0d76e5172994","traceId":"98b31bc2-10bb-419b-afe4-0d76e5172994"}
{"@timestamp":"2026-09-08T11:04:48.773341071+05:30","level":"INFO","logger_name":"com.npst.observability.controller.AuditController","thread_name":"http-nio-8081-exec-3","message":"AUDIT_EVENT_RECEIVED","traceId":"98b31bc2-10bb-419b-afe4-0d76e5172994"}
{"@timestamp":"2026-09-08T11:04:48.773521669+05:30","level":"INFO","logger_name":"com.npst.observability.controller.AuditController","thread_name":"http-nio-8081-exec-3","message":"traceId=98b31bc2-10bb-419b-afe4-0d76e5172994","traceId":"98b31bc2-10bb-419b-afe4-0d76e5172994"}
{"@timestamp":"2026-09-08T11:04:48.773572918+05:30","level":"INFO","logger_name":"com.npst.observability.controller.AuditController","thread_name":"http-nio-8081-exec-3","message":"method=GET uri=/api/v1/hello status=200 duration=4ms","traceId":"98b31bc2-10bb-419b-afe4-0d76e5172994"}
{"@timestamp":"2026-09-08T11:04:49.274310087+05:30","level":"INFO","logger_name":"com.npst.observability.interceptor.LoggingInterceptor","thread_name":"http-nio-8080-exec-3","message":"Request Started : method=GET uri = /api/v1/hello traceId=b7e3dd66-4c87-4e1b-86b8-2c7c9868ffff","traceId":"b7e3dd66-4c87-4e1b-86b8-2c7c9868ffff"}
{"@timestamp":"2026-09-08T11:04:49.275059676+05:30","level":"INFO","logger_name":"com.npst.observability.logger.CommonLoggerImpl","thread_name":"http-nio-8080-exec-3","message":"{\"timestamp\":\"2026-09-08T05:34:49.274831819Z\",\"traceId\":\"b7e3dd66-4c87-4e1b-86b8-2c7c9868ffff\",\"serviceName\":\"sample-bank-app\",\"eventType\":\"APPLICATION\",\"level\":\"INFO\",\"message\":\"Hello endpoint invoked\",\"endpoint\":null,\"method\":null,\"metadata\":{\"version\":\"1.0\",\"module\":\"HELLO\"}}","traceId":"b7e3dd66-4c87-4e1b-86b8-2c7c9868ffff"}
{"@timestamp":"2026-09-08T11:04:49.278520518+05:30","level":"INFO","logger_name":"com.npst.observability.interceptor.LoggingInterceptor","thread_name":"http-nio-8081-exec-5","message":"Request Started : method=POST uri = /api/v1/audit traceId=b7e3dd66-4c87-4e1b-86b8-2c7c9868ffff","traceId":"b7e3dd66-4c87-4e1b-86b8-2c7c9868ffff"}
{"@timestamp":"2026-09-08T11:04:49.279581932+05:30","level":"INFO","logger_name":"com.npst.observability.controller.AuditController","thread_name":"http-nio-8081-exec-5","message":"AUDIT_EVENT_RECEIVED","traceId":"b7e3dd66-4c87-4e1b-86b8-2c7c9868ffff"}
{"@timestamp":"2026-09-08T11:04:49.279776835+05:30","level":"INFO","logger_name":"com.npst.observability.controller.AuditController","thread_name":"http-nio-8081-exec-5","message":"traceId=b7e3dd66-4c87-4e1b-86b8-2c7c9868ffff","traceId":"b7e3dd66-4c87-4e1b-86b8-2c7c9868ffff"}
{"@timestamp":"2026-09-08T11:04:49.279851707+05:30","level":"INFO","logger_name":"com.npst.observability.controller.AuditController","thread_name":"http-nio-8081-exec-5","message":"method=GET uri=/api/v1/hello status=200 duration=0ms","traceId":"b7e3dd66-4c87-4e1b-86b8-2c7c9868ffff"}
{"@timestamp":"2026-09-08T11:04:49.281415351+05:30","level":"INFO","logger_name":"com.npst.observability.interceptor.LoggingInterceptor","thread_name":"http-nio-8080-exec-3","message":"Request Completed : status=200 duration=7ms traceId=b7e3dd66-4c87-4e1b-86b8-2c7c9868ffff","traceId":"b7e3dd66-4c87-4e1b-86b8-2c7c9868ffff"}
{"@timestamp":"2026-09-08T11:04:49.284780955+05:30","level":"INFO","logger_name":"com.npst.observability.interceptor.LoggingInterceptor","thread_name":"http-nio-8081-exec-6","message":"Request Started : method=POST uri = /api/v1/audit traceId=b7e3dd66-4c87-4e1b-86b8-2c7c9868ffff","traceId":"b7e3dd66-4c87-4e1b-86b8-2c7c9868ffff"}
{"@timestamp":"2026-09-08T11:04:49.285639236+05:30","level":"INFO","logger_name":"com.npst.observability.controller.AuditController","thread_name":"http-nio-8081-exec-6","message":"AUDIT_EVENT_RECEIVED","traceId":"b7e3dd66-4c87-4e1b-86b8-2c7c9868ffff"}
{"@timestamp":"2026-09-08T11:04:49.285800365+05:30","level":"INFO","logger_name":"com.npst.observability.controller.AuditController","thread_name":"http-nio-8081-exec-6","message":"traceId=b7e3dd66-4c87-4e1b-86b8-2c7c9868ffff","traceId":"b7e3dd66-4c87-4e1b-86b8-2c7c9868ffff"}
{"@timestamp":"2026-09-08T11:04:49.285845112+05:30","level":"INFO","logger_name":"com.npst.observability.controller.AuditController","thread_name":"http-nio-8081-exec-6","message":"method=GET uri=/api/v1/hello status=200 duration=7ms","traceId":"b7e3dd66-4c87-4e1b-86b8-2c7c9868ffff"}
{"@timestamp":"2026-09-08T11:04:49.753943668+05:30","level":"INFO","logger_name":"com.npst.observability.interceptor.LoggingInterceptor","thread_name":"http-nio-8080-exec-4","message":"Request Started : method=GET uri = /api/v1/hello traceId=a0e6b63e-ea15-4e8a-86fd-af5e568ffb08","traceId":"a0e6b63e-ea15-4e8a-86fd-af5e568ffb08"}
{"@timestamp":"2026-09-08T11:04:49.754529604+05:30","level":"INFO","logger_name":"com.npst.observability.logger.CommonLoggerImpl","thread_name":"http-nio-8080-exec-4","message":"{\"timestamp\":\"2026-09-08T05:34:49.754317337Z\",\"traceId\":\"a0e6b63e-ea15-4e8a-86fd-af5e568ffb08\",\"serviceName\":\"sample-bank-app\",\"eventType\":\"APPLICATION\",\"level\":\"INFO\",\"message\":\"Hello endpoint invoked\",\"endpoint\":null,\"method\":null,\"metadata\":{\"version\":\"1.0\",\"module\":\"HELLO\"}}","traceId":"a0e6b63e-ea15-4e8a-86fd-af5e568ffb08"}
{"@timestamp":"2026-09-08T11:04:49.7574689+05:30","level":"INFO","logger_name":"com.npst.observability.interceptor.LoggingInterceptor","thread_name":"http-nio-8081-exec-7","message":"Request Started : method=POST uri = /api/v1/audit traceId=a0e6b63e-ea15-4e8a-86fd-af5e568ffb08","traceId":"a0e6b63e-ea15-4e8a-86fd-af5e568ffb08"}
{"@timestamp":"2026-09-08T11:04:49.758318508+05:30","level":"INFO","logger_name":"com.npst.observability.controller.AuditController","thread_name":"http-nio-8081-exec-7","message":"AUDIT_EVENT_RECEIVED","traceId":"a0e6b63e-ea15-4e8a-86fd-af5e568ffb08"}
{"@timestamp":"2026-09-08T11:04:49.758493227+05:30","level":"INFO","logger_name":"com.npst.observability.controller.AuditController","thread_name":"http-nio-8081-exec-7","message":"traceId=a0e6b63e-ea15-4e8a-86fd-af5e568ffb08","traceId":"a0e6b63e-ea15-4e8a-86fd-af5e568ffb08"}
{"@timestamp":"2026-09-08T11:04:49.758558033+05:30","level":"INFO","logger_name":"com.npst.observability.controller.AuditController","thread_name":"http-nio-8081-exec-7","message":"method=GET uri=/api/v1/hello status=200 duration=0ms","traceId":"a0e6b63e-ea15-4e8a-86fd-af5e568ffb08"}
{"@timestamp":"2026-09-08T11:04:49.760219924+05:30","level":"INFO","logger_name":"com.npst.observability.interceptor.LoggingInterceptor","thread_name":"http-nio-8080-exec-4","message":"Request Completed : status=200 duration=7ms traceId=a0e6b63e-ea15-4e8a-86fd-af5e568ffb08","traceId":"a0e6b63e-ea15-4e8a-86fd-af5e568ffb08"}
{"@timestamp":"2026-09-08T11:04:49.763595677+05:30","level":"INFO","logger_name":"com.npst.observability.interceptor.LoggingInterceptor","thread_name":"http-nio-8081-exec-8","message":"Request Started : method=POST uri = /api/v1/audit traceId=a0e6b63e-ea15-4e8a-86fd-af5e568ffb08","traceId":"a0e6b63e-ea15-4e8a-86fd-af5e568ffb08"}
{"@timestamp":"2026-09-08T11:04:49.764479423+05:30","level":"INFO","logger_name":"com.npst.observability.controller.AuditController","thread_name":"http-nio-8081-exec-8","message":"AUDIT_EVENT_RECEIVED","traceId":"a0e6b63e-ea15-4e8a-86fd-af5e568ffb08"}
{"@timestamp":"2026-09-08T11:04:49.764685786+05:30","level":"INFO","logger_name":"com.npst.observability.controller.AuditController","thread_name":"http-nio-8081-exec-8","message":"traceId=a0e6b63e-ea15-4e8a-86fd-af5e568ffb08","traceId":"a0e6b63e-ea15-4e8a-86fd-af5e568ffb08"}
{"@timestamp":"2026-09-08T11:04:49.764767512+05:30","level":"INFO","logger_name":"com.npst.observability.controller.AuditController","thread_name":"http-nio-8081-exec-8","message":"method=GET uri=/api/v1/hello status=200 duration=7ms","traceId":"a0e6b63e-ea15-4e8a-86fd-af5e568ffb08"}
{"@timestamp":"2026-09-08T11:04:50.17111907+05:30","level":"INFO","logger_name":"com.npst.observability.interceptor.LoggingInterceptor","thread_name":"http-nio-8080-exec-5","message":"Request Started : method=GET uri = /api/v1/hello traceId=fb6fceda-2fe1-4f2b-a92d-62e10a768d18","traceId":"fb6fceda-2fe1-4f2b-a92d-62e10a768d18"}
{"@timestamp":"2026-09-08T11:04:50.171700191+05:30","level":"INFO","logger_name":"com.npst.observability.logger.CommonLoggerImpl","thread_name":"http-nio-8080-exec-5","message":"{\"timestamp\":\"2026-09-08T05:34:50.171508594Z\",\"traceId\":\"fb6fceda-2fe1-4f2b-a92d-62e10a768d18\",\"serviceName\":\"sample-bank-app\",\"eventType\":\"APPLICATION\",\"level\":\"INFO\",\"message\":\"Hello endpoint invoked\",\"endpoint\":null,\"method\":null,\"metadata\":{\"version\":\"1.0\",\"module\":\"HELLO\"}}","traceId":"fb6fceda-2fe1-4f2b-a92d-62e10a768d18"}
{"@timestamp":"2026-09-08T11:04:50.174612725+05:30","level":"INFO","logger_name":"com.npst.observability.interceptor.LoggingInterceptor","thread_name":"http-nio-8081-exec-9","message":"Request Started : method=POST uri = /api/v1/audit traceId=fb6fceda-2fe1-4f2b-a92d-62e10a768d18","traceId":"fb6fceda-2fe1-4f2b-a92d-62e10a768d18"}
{"@timestamp":"2026-09-08T11:04:50.175488008+05:30","level":"INFO","logger_name":"com.npst.observability.controller.AuditController","thread_name":"http-nio-8081-exec-9","message":"AUDIT_EVENT_RECEIVED","traceId":"fb6fceda-2fe1-4f2b-a92d-62e10a768d18"}
{"@timestamp":"2026-09-08T11:04:50.175648454+05:30","level":"INFO","logger_name":"com.npst.observability.controller.AuditController","thread_name":"http-nio-8081-exec-9","message":"traceId=fb6fceda-2fe1-4f2b-a92d-62e10a768d18","traceId":"fb6fceda-2fe1-4f2b-a92d-62e10a768d18"}
{"@timestamp":"2026-09-08T11:04:50.175725266+05:30","level":"INFO","logger_name":"com.npst.observability.controller.AuditController","thread_name":"http-nio-8081-exec-9","message":"method=GET uri=/api/v1/hello status=200 duration=0ms","traceId":"fb6fceda-2fe1-4f2b-a92d-62e10a768d18"}
{"@timestamp":"2026-09-08T11:04:50.177271111+05:30","level":"INFO","logger_name":"com.npst.observability.interceptor.LoggingInterceptor","thread_name":"http-nio-8080-exec-5","message":"Request Completed : status=200 duration=6ms traceId=fb6fceda-2fe1-4f2b-a92d-62e10a768d18","traceId":"fb6fceda-2fe1-4f2b-a92d-62e10a768d18"}
{"@timestamp":"2026-09-08T11:04:50.18072453+05:30","level":"INFO","logger_name":"com.npst.observability.interceptor.LoggingInterceptor","thread_name":"http-nio-8081-exec-10","message":"Request Started : method=POST uri = /api/v1/audit traceId=fb6fceda-2fe1-4f2b-a92d-62e10a768d18","traceId":"fb6fceda-2fe1-4f2b-a92d-62e10a768d18"}
{"@timestamp":"2026-09-08T11:04:50.181389188+05:30","level":"INFO","logger_name":"com.npst.observability.controller.AuditController","thread_name":"http-nio-8081-exec-10","message":"AUDIT_EVENT_RECEIVED","traceId":"fb6fceda-2fe1-4f2b-a92d-62e10a768d18"}
{"@timestamp":"2026-09-08T11:04:50.181519757+05:30","level":"INFO","logger_name":"com.npst.observability.controller.AuditController","thread_name":"http-nio-8081-exec-10","message":"traceId=fb6fceda-2fe1-4f2b-a92d-62e10a768d18","traceId":"fb6fceda-2fe1-4f2b-a92d-62e10a768d18"}
{"@timestamp":"2026-09-08T11:04:50.181552033+05:30","level":"INFO","logger_name":"com.npst.observability.controller.AuditController","thread_name":"http-nio-8081-exec-10","message":"method=GET uri=/api/v1/hello status=200 duration=6ms","traceId":"fb6fceda-2fe1-4f2b-a92d-62e10a768d18"}
{"@timestamp":"2026-09-08T11:04:50.415907551+05:30","level":"INFO","logger_name":"com.npst.observability.interceptor.LoggingInterceptor","thread_name":"http-nio-8080-exec-6","message":"Request Started : method=GET uri = /api/v1/hello traceId=c8093b3e-dbaa-45d2-892c-fb89a72c49d9","traceId":"c8093b3e-dbaa-45d2-892c-fb89a72c49d9"}
{"@timestamp":"2026-09-08T11:04:50.416447313+05:30","level":"INFO","logger_name":"com.npst.observability.logger.CommonLoggerImpl","thread_name":"http-nio-8080-exec-6","message":"{\"timestamp\":\"2026-09-08T05:34:50.416253467Z\",\"traceId\":\"c8093b3e-dbaa-45d2-892c-fb89a72c49d9\",\"serviceName\":\"sample-bank-app\",\"eventType\":\"APPLICATION\",\"level\":\"INFO\",\"message\":\"Hello endpoint invoked\",\"endpoint\":null,\"method\":null,\"metadata\":{\"version\":\"1.0\",\"module\":\"HELLO\"}}","traceId":"c8093b3e-dbaa-45d2-892c-fb89a72c49d9"}
{"@timestamp":"2026-09-08T11:04:50.419235506+05:30","level":"INFO","logger_name":"com.npst.observability.interceptor.LoggingInterceptor","thread_name":"http-nio-8081-exec-1","message":"Request Started : method=POST uri = /api/v1/audit traceId=c8093b3e-dbaa-45d2-892c-fb89a72c49d9","traceId":"c8093b3e-dbaa-45d2-892c-fb89a72c49d9"}
{"@timestamp":"2026-09-08T11:04:50.420028697+05:30","level":"INFO","logger_name":"com.npst.observability.controller.AuditController","thread_name":"http-nio-8081-exec-1","message":"AUDIT_EVENT_RECEIVED","traceId":"c8093b3e-dbaa-45d2-892c-fb89a72c49d9"}
{"@timestamp":"2026-09-08T11:04:50.420159769+05:30","level":"INFO","logger_name":"com.npst.observability.controller.AuditController","thread_name":"http-nio-8081-exec-1","message":"traceId=c8093b3e-dbaa-45d2-892c-fb89a72c49d9","traceId":"c8093b3e-dbaa-45d2-892c-fb89a72c49d9"}
{"@timestamp":"2026-09-08T11:04:50.420243985+05:30","level":"INFO","logger_name":"com.npst.observability.controller.AuditController","thread_name":"http-nio-8081-exec-1","message":"method=GET uri=/api/v1/hello status=200 duration=0ms","traceId":"c8093b3e-dbaa-45d2-892c-fb89a72c49d9"}
{"@timestamp":"2026-09-08T11:04:50.421485158+05:30","level":"INFO","logger_name":"com.npst.observability.interceptor.LoggingInterceptor","thread_name":"http-nio-8080-exec-6","message":"Request Completed : status=200 duration=6ms traceId=c8093b3e-dbaa-45d2-892c-fb89a72c49d9","traceId":"c8093b3e-dbaa-45d2-892c-fb89a72c49d9"}
{"@timestamp":"2026-09-08T11:04:50.424513313+05:30","level":"INFO","logger_name":"com.npst.observability.interceptor.LoggingInterceptor","thread_name":"http-nio-8081-exec-2","message":"Request Started : method=POST uri = /api/v1/audit traceId=c8093b3e-dbaa-45d2-892c-fb89a72c49d9","traceId":"c8093b3e-dbaa-45d2-892c-fb89a72c49d9"}
{"@timestamp":"2026-09-08T11:04:50.425173599+05:30","level":"INFO","logger_name":"com.npst.observability.controller.AuditController","thread_name":"http-nio-8081-exec-2","message":"AUDIT_EVENT_RECEIVED","traceId":"c8093b3e-dbaa-45d2-892c-fb89a72c49d9"}
{"@timestamp":"2026-09-08T11:04:50.425275591+05:30","level":"INFO","logger_name":"com.npst.observability.controller.AuditController","thread_name":"http-nio-8081-exec-2","message":"traceId=c8093b3e-dbaa-45d2-892c-fb89a72c49d9","traceId":"c8093b3e-dbaa-45d2-892c-fb89a72c49d9"}
{"@timestamp":"2026-09-08T11:04:50.425297381+05:30","level":"INFO","logger_name":"com.npst.observability.controller.AuditController","thread_name":"http-nio-8081-exec-2","message":"method=GET uri=/api/v1/hello status=200 duration=6ms","traceId":"c8093b3e-dbaa-45d2-892c-fb89a72c49d9"}
{"@timestamp":"2026-09-08T11:04:50.571143469+05:30","level":"INFO","logger_name":"com.npst.observability.interceptor.LoggingInterceptor","thread_name":"http-nio-8080-exec-8","message":"Request Started : method=GET uri = /api/v1/hello traceId=6062e263-073d-4275-b90a-05683390565f","traceId":"6062e263-073d-4275-b90a-05683390565f"}
{"@timestamp":"2026-09-08T11:04:50.57180471+05:30","level":"INFO","logger_name":"com.npst.observability.logger.CommonLoggerImpl","thread_name":"http-nio-8080-exec-8","message":"{\"timestamp\":\"2026-09-08T05:34:50.571585277Z\",\"traceId\":\"6062e263-073d-4275-b90a-05683390565f\",\"serviceName\":\"sample-bank-app\",\"eventType\":\"APPLICATION\",\"level\":\"INFO\",\"message\":\"Hello endpoint invoked\",\"endpoint\":null,\"method\":null,\"metadata\":{\"version\":\"1.0\",\"module\":\"HELLO\"}}","traceId":"6062e263-073d-4275-b90a-05683390565f"}
{"@timestamp":"2026-09-08T11:04:50.574824069+05:30","level":"INFO","logger_name":"com.npst.observability.interceptor.LoggingInterceptor","thread_name":"http-nio-8081-exec-3","message":"Request Started : method=POST uri = /api/v1/audit traceId=6062e263-073d-4275-b90a-05683390565f","traceId":"6062e263-073d-4275-b90a-05683390565f"}
{"@timestamp":"2026-09-08T11:04:50.575675831+05:30","level":"INFO","logger_name":"com.npst.observability.controller.AuditController","thread_name":"http-nio-8081-exec-3","message":"AUDIT_EVENT_RECEIVED","traceId":"6062e263-073d-4275-b90a-05683390565f"}
{"@timestamp":"2026-09-08T11:04:50.57581572+05:30","level":"INFO","logger_name":"com.npst.observability.controller.AuditController","thread_name":"http-nio-8081-exec-3","message":"traceId=6062e263-073d-4275-b90a-05683390565f","traceId":"6062e263-073d-4275-b90a-05683390565f"}
{"@timestamp":"2026-09-08T11:04:50.575855565+05:30","level":"INFO","logger_name":"com.npst.observability.controller.AuditController","thread_name":"http-nio-8081-exec-3","message":"method=GET uri=/api/v1/hello status=200 duration=0ms","traceId":"6062e263-073d-4275-b90a-05683390565f"}
{"@timestamp":"2026-09-08T11:04:50.577140857+05:30","level":"INFO","logger_name":"com.npst.observability.interceptor.LoggingInterceptor","thread_name":"http-nio-8080-exec-8","message":"Request Completed : status=200 duration=6ms traceId=6062e263-073d-4275-b90a-05683390565f","traceId":"6062e263-073d-4275-b90a-05683390565f"}
{"@timestamp":"2026-09-08T11:04:50.580550713+05:30","level":"INFO","logger_name":"com.npst.observability.interceptor.LoggingInterceptor","thread_name":"http-nio-8081-exec-4","message":"Request Started : method=POST uri = /api/v1/audit traceId=6062e263-073d-4275-b90a-05683390565f","traceId":"6062e263-073d-4275-b90a-05683390565f"}
{"@timestamp":"2026-09-08T11:04:50.581382209+05:30","level":"INFO","logger_name":"com.npst.observability.controller.AuditController","thread_name":"http-nio-8081-exec-4","message":"AUDIT_EVENT_RECEIVED","traceId":"6062e263-073d-4275-b90a-05683390565f"}
{"@timestamp":"2026-09-08T11:04:50.581580902+05:30","level":"INFO","logger_name":"com.npst.observability.controller.AuditController","thread_name":"http-nio-8081-exec-4","message":"traceId=6062e263-073d-4275-b90a-05683390565f","traceId":"6062e263-073d-4275-b90a-05683390565f"}
{"@timestamp":"2026-09-08T11:04:50.581632311+05:30","level":"INFO","logger_name":"com.npst.observability.controller.AuditController","thread_name":"http-nio-8081-exec-4","message":"method=GET uri=/api/v1/hello status=200 duration=6ms","traceId":"6062e263-073d-4275-b90a-05683390565f"}
{"@timestamp":"2026-09-08T11:04:50.718659048+05:30","level":"INFO","logger_name":"com.npst.observability.interceptor.LoggingInterceptor","thread_name":"http-nio-8080-exec-9","message":"Request Started : method=GET uri = /api/v1/hello traceId=ebef0ea0-c2fb-47d0-a89c-345c8a11c4d8","traceId":"ebef0ea0-c2fb-47d0-a89c-345c8a11c4d8"}
{"@timestamp":"2026-09-08T11:04:50.719063451+05:30","level":"INFO","logger_name":"com.npst.observability.logger.CommonLoggerImpl","thread_name":"http-nio-8080-exec-9","message":"{\"timestamp\":\"2026-09-08T05:34:50.718938522Z\",\"traceId\":\"ebef0ea0-c2fb-47d0-a89c-345c8a11c4d8\",\"serviceName\":\"sample-bank-app\",\"eventType\":\"APPLICATION\",\"level\":\"INFO\",\"message\":\"Hello endpoint invoked\",\"endpoint\":null,\"method\":null,\"metadata\":{\"version\":\"1.0\",\"module\":\"HELLO\"}}","traceId":"ebef0ea0-c2fb-47d0-a89c-345c8a11c4d8"}
{"@timestamp":"2026-09-08T11:04:50.721675688+05:30","level":"INFO","logger_name":"com.npst.observability.interceptor.LoggingInterceptor","thread_name":"http-nio-8081-exec-5","message":"Request Started : method=POST uri = /api/v1/audit traceId=ebef0ea0-c2fb-47d0-a89c-345c8a11c4d8","traceId":"ebef0ea0-c2fb-47d0-a89c-345c8a11c4d8"}
{"@timestamp":"2026-09-08T11:04:50.722431925+05:30","level":"INFO","logger_name":"com.npst.observability.controller.AuditController","thread_name":"http-nio-8081-exec-5","message":"AUDIT_EVENT_RECEIVED","traceId":"ebef0ea0-c2fb-47d0-a89c-345c8a11c4d8"}
{"@timestamp":"2026-09-08T11:04:50.722568677+05:30","level":"INFO","logger_name":"com.npst.observability.controller.AuditController","thread_name":"http-nio-8081-exec-5","message":"traceId=ebef0ea0-c2fb-47d0-a89c-345c8a11c4d8","traceId":"ebef0ea0-c2fb-47d0-a89c-345c8a11c4d8"}
{"@timestamp":"2026-09-08T11:04:50.722613971+05:30","level":"INFO","logger_name":"com.npst.observability.controller.AuditController","thread_name":"http-nio-8081-exec-5","message":"method=GET uri=/api/v1/hello status=200 duration=0ms","traceId":"ebef0ea0-c2fb-47d0-a89c-345c8a11c4d8"}
{"@timestamp":"2026-09-08T11:04:50.723876241+05:30","level":"INFO","logger_name":"com.npst.observability.interceptor.LoggingInterceptor","thread_name":"http-nio-8080-exec-9","message":"Request Completed : status=200 duration=5ms traceId=ebef0ea0-c2fb-47d0-a89c-345c8a11c4d8","traceId":"ebef0ea0-c2fb-47d0-a89c-345c8a11c4d8"}
{"@timestamp":"2026-09-08T11:04:50.727037849+05:30","level":"INFO","logger_name":"com.npst.observability.interceptor.LoggingInterceptor","thread_name":"http-nio-8081-exec-6","message":"Request Started : method=POST uri = /api/v1/audit traceId=ebef0ea0-c2fb-47d0-a89c-345c8a11c4d8","traceId":"ebef0ea0-c2fb-47d0-a89c-345c8a11c4d8"}
{"@timestamp":"2026-09-08T11:04:50.727878007+05:30","level":"INFO","logger_name":"com.npst.observability.controller.AuditController","thread_name":"http-nio-8081-exec-6","message":"AUDIT_EVENT_RECEIVED","traceId":"ebef0ea0-c2fb-47d0-a89c-345c8a11c4d8"}
{"@timestamp":"2026-09-08T11:04:50.728017518+05:30","level":"INFO","logger_name":"com.npst.observability.controller.AuditController","thread_name":"http-nio-8081-exec-6","message":"traceId=ebef0ea0-c2fb-47d0-a89c-345c8a11c4d8","traceId":"ebef0ea0-c2fb-47d0-a89c-345c8a11c4d8"}
{"@timestamp":"2026-09-08T11:04:50.728116212+05:30","level":"INFO","logger_name":"com.npst.observability.controller.AuditController","thread_name":"http-nio-8081-exec-6","message":"method=GET uri=/api/v1/hello status=200 duration=5ms","traceId":"ebef0ea0-c2fb-47d0-a89c-345c8a11c4d8"}
{"@timestamp":"2026-09-08T11:04:50.87302998+05:30","level":"INFO","logger_name":"com.npst.observability.interceptor.LoggingInterceptor","thread_name":"http-nio-8080-exec-10","message":"Request Started : method=GET uri = /api/v1/hello traceId=eec894ba-e5bc-4187-b8de-7d1822896c23","traceId":"eec894ba-e5bc-4187-b8de-7d1822896c23"}
{"@timestamp":"2026-09-08T11:04:50.873608369+05:30","level":"INFO","logger_name":"com.npst.observability.logger.CommonLoggerImpl","thread_name":"http-nio-8080-exec-10","message":"{\"timestamp\":\"2026-09-08T05:34:50.873413126Z\",\"traceId\":\"eec894ba-e5bc-4187-b8de-7d1822896c23\",\"serviceName\":\"sample-bank-app\",\"eventType\":\"APPLICATION\",\"level\":\"INFO\",\"message\":\"Hello endpoint invoked\",\"endpoint\":null,\"method\":null,\"metadata\":{\"version\":\"1.0\",\"module\":\"HELLO\"}}","traceId":"eec894ba-e5bc-4187-b8de-7d1822896c23"}
{"@timestamp":"2026-09-08T11:04:50.876637017+05:30","level":"INFO","logger_name":"com.npst.observability.interceptor.LoggingInterceptor","thread_name":"http-nio-8081-exec-7","message":"Request Started : method=POST uri = /api/v1/audit traceId=eec894ba-e5bc-4187-b8de-7d1822896c23","traceId":"eec894ba-e5bc-4187-b8de-7d1822896c23"}
{"@timestamp":"2026-09-08T11:04:50.877493779+05:30","level":"INFO","logger_name":"com.npst.observability.controller.AuditController","thread_name":"http-nio-8081-exec-7","message":"AUDIT_EVENT_RECEIVED","traceId":"eec894ba-e5bc-4187-b8de-7d1822896c23"}
{"@timestamp":"2026-09-08T11:04:50.877612481+05:30","level":"INFO","logger_name":"com.npst.observability.controller.AuditController","thread_name":"http-nio-8081-exec-7","message":"traceId=eec894ba-e5bc-4187-b8de-7d1822896c23","traceId":"eec894ba-e5bc-4187-b8de-7d1822896c23"}
{"@timestamp":"2026-09-08T11:04:50.877646877+05:30","level":"INFO","logger_name":"com.npst.observability.controller.AuditController","thread_name":"http-nio-8081-exec-7","message":"method=GET uri=/api/v1/hello status=200 duration=0ms","traceId":"eec894ba-e5bc-4187-b8de-7d1822896c23"}
{"@timestamp":"2026-09-08T11:04:50.879081865+05:30","level":"INFO","logger_name":"com.npst.observability.interceptor.LoggingInterceptor","thread_name":"http-nio-8080-exec-10","message":"Request Completed : status=200 duration=6ms traceId=eec894ba-e5bc-4187-b8de-7d1822896c23","traceId":"eec894ba-e5bc-4187-b8de-7d1822896c23"}
{"@timestamp":"2026-09-08T11:04:50.882400035+05:30","level":"INFO","logger_name":"com.npst.observability.interceptor.LoggingInterceptor","thread_name":"http-nio-8081-exec-8","message":"Request Started : method=POST uri = /api/v1/audit traceId=eec894ba-e5bc-4187-b8de-7d1822896c23","traceId":"eec894ba-e5bc-4187-b8de-7d1822896c23"}
{"@timestamp":"2026-09-08T11:04:50.883222319+05:30","level":"INFO","logger_name":"com.npst.observability.controller.AuditController","thread_name":"http-nio-8081-exec-8","message":"AUDIT_EVENT_RECEIVED","traceId":"eec894ba-e5bc-4187-b8de-7d1822896c23"}
{"@timestamp":"2026-09-08T11:04:50.88339624+05:30","level":"INFO","logger_name":"com.npst.observability.controller.AuditController","thread_name":"http-nio-8081-exec-8","message":"traceId=eec894ba-e5bc-4187-b8de-7d1822896c23","traceId":"eec894ba-e5bc-4187-b8de-7d1822896c23"}
{"@timestamp":"2026-09-08T11:04:50.883439951+05:30","level":"INFO","logger_name":"com.npst.observability.controller.AuditController","thread_name":"http-nio-8081-exec-8","message":"method=GET uri=/api/v1/hello status=200 duration=6ms","traceId":"eec894ba-e5bc-4187-b8de-7d1822896c23"}
{"@timestamp":"2026-09-08T11:04:51.015683065+05:30","level":"INFO","logger_name":"com.npst.observability.interceptor.LoggingInterceptor","thread_name":"http-nio-8080-exec-1","message":"Request Started : method=GET uri = /api/v1/hello traceId=359c5d46-fe4b-4ab8-a071-015eb6541b83","traceId":"359c5d46-fe4b-4ab8-a071-015eb6541b83"}
{"@timestamp":"2026-09-08T11:04:51.016065257+05:30","level":"INFO","logger_name":"com.npst.observability.logger.CommonLoggerImpl","thread_name":"http-nio-8080-exec-1","message":"{\"timestamp\":\"2026-09-08T05:34:51.015945828Z\",\"traceId\":\"359c5d46-fe4b-4ab8-a071-015eb6541b83\",\"serviceName\":\"sample-bank-app\",\"eventType\":\"APPLICATION\",\"level\":\"INFO\",\"message\":\"Hello endpoint invoked\",\"endpoint\":null,\"method\":null,\"metadata\":{\"version\":\"1.0\",\"module\":\"HELLO\"}}","traceId":"359c5d46-fe4b-4ab8-a071-015eb6541b83"}
{"@timestamp":"2026-09-08T11:04:51.018648266+05:30","level":"INFO","logger_name":"com.npst.observability.interceptor.LoggingInterceptor","thread_name":"http-nio-8081-exec-9","message":"Request Started : method=POST uri = /api/v1/audit traceId=359c5d46-fe4b-4ab8-a071-015eb6541b83","traceId":"359c5d46-fe4b-4ab8-a071-015eb6541b83"}
{"@timestamp":"2026-09-08T11:04:51.019461149+05:30","level":"INFO","logger_name":"com.npst.observability.controller.AuditController","thread_name":"http-nio-8081-exec-9","message":"AUDIT_EVENT_RECEIVED","traceId":"359c5d46-fe4b-4ab8-a071-015eb6541b83"}
{"@timestamp":"2026-09-08T11:04:51.019615464+05:30","level":"INFO","logger_name":"com.npst.observability.controller.AuditController","thread_name":"http-nio-8081-exec-9","message":"traceId=359c5d46-fe4b-4ab8-a071-015eb6541b83","traceId":"359c5d46-fe4b-4ab8-a071-015eb6541b83"}
{"@timestamp":"2026-09-08T11:04:51.019655152+05:30","level":"INFO","logger_name":"com.npst.observability.controller.AuditController","thread_name":"http-nio-8081-exec-9","message":"method=GET uri=/api/v1/hello status=200 duration=0ms","traceId":"359c5d46-fe4b-4ab8-a071-015eb6541b83"}
{"@timestamp":"2026-09-08T11:04:51.021073304+05:30","level":"INFO","logger_name":"com.npst.observability.interceptor.LoggingInterceptor","thread_name":"http-nio-8080-exec-1","message":"Request Completed : status=200 duration=6ms traceId=359c5d46-fe4b-4ab8-a071-015eb6541b83","traceId":"359c5d46-fe4b-4ab8-a071-015eb6541b83"}
{"@timestamp":"2026-09-08T11:04:51.024414455+05:30","level":"INFO","logger_name":"com.npst.observability.interceptor.LoggingInterceptor","thread_name":"http-nio-8081-exec-10","message":"Request Started : method=POST uri = /api/v1/audit traceId=359c5d46-fe4b-4ab8-a071-015eb6541b83","traceId":"359c5d46-fe4b-4ab8-a071-015eb6541b83"}
{"@timestamp":"2026-09-08T11:04:51.025310991+05:30","level":"INFO","logger_name":"com.npst.observability.controller.AuditController","thread_name":"http-nio-8081-exec-10","message":"AUDIT_EVENT_RECEIVED","traceId":"359c5d46-fe4b-4ab8-a071-015eb6541b83"}
{"@timestamp":"2026-09-08T11:04:51.025509913+05:30","level":"INFO","logger_name":"com.npst.observability.controller.AuditController","thread_name":"http-nio-8081-exec-10","message":"traceId=359c5d46-fe4b-4ab8-a071-015eb6541b83","traceId":"359c5d46-fe4b-4ab8-a071-015eb6541b83"}
{"@timestamp":"2026-09-08T11:04:51.025567862+05:30","level":"INFO","logger_name":"com.npst.observability.controller.AuditController","thread_name":"http-nio-8081-exec-10","message":"method=GET uri=/api/v1/hello status=200 duration=6ms","traceId":"359c5d46-fe4b-4ab8-a071-015eb6541b83"}
{"@timestamp":"2026-09-08T11:04:51.195710512+05:30","level":"INFO","logger_name":"com.npst.observability.interceptor.LoggingInterceptor","thread_name":"http-nio-8080-exec-2","message":"Request Started : method=GET uri = /api/v1/hello traceId=447c222b-7abf-474c-b84a-4bf0b1a1fd11","traceId":"447c222b-7abf-474c-b84a-4bf0b1a1fd11"}
{"@timestamp":"2026-09-08T11:04:51.19630148+05:30","level":"INFO","logger_name":"com.npst.observability.logger.CommonLoggerImpl","thread_name":"http-nio-8080-exec-2","message":"{\"timestamp\":\"2026-09-08T05:34:51.196076392Z\",\"traceId\":\"447c222b-7abf-474c-b84a-4bf0b1a1fd11\",\"serviceName\":\"sample-bank-app\",\"eventType\":\"APPLICATION\",\"level\":\"INFO\",\"message\":\"Hello endpoint invoked\",\"endpoint\":null,\"method\":null,\"metadata\":{\"version\":\"1.0\",\"module\":\"HELLO\"}}","traceId":"447c222b-7abf-474c-b84a-4bf0b1a1fd11"}
{"@timestamp":"2026-09-08T11:04:51.199312346+05:30","level":"INFO","logger_name":"com.npst.observability.interceptor.LoggingInterceptor","thread_name":"http-nio-8081-exec-1","message":"Request Started : method=POST uri = /api/v1/audit traceId=447c222b-7abf-474c-b84a-4bf0b1a1fd11","traceId":"447c222b-7abf-474c-b84a-4bf0b1a1fd11"}
{"@timestamp":"2026-09-08T11:04:51.200222461+05:30","level":"INFO","logger_name":"com.npst.observability.controller.AuditController","thread_name":"http-nio-8081-exec-1","message":"AUDIT_EVENT_RECEIVED","traceId":"447c222b-7abf-474c-b84a-4bf0b1a1fd11"}
{"@timestamp":"2026-09-08T11:04:51.200311269+05:30","level":"INFO","logger_name":"com.npst.observability.controller.AuditController","thread_name":"http-nio-8081-exec-1","message":"traceId=447c222b-7abf-474c-b84a-4bf0b1a1fd11","traceId":"447c222b-7abf-474c-b84a-4bf0b1a1fd11"}
{"@timestamp":"2026-09-08T11:04:51.200345417+05:30","level":"INFO","logger_name":"com.npst.observability.controller.AuditController","thread_name":"http-nio-8081-exec-1","message":"method=GET uri=/api/v1/hello status=200 duration=0ms","traceId":"447c222b-7abf-474c-b84a-4bf0b1a1fd11"}
{"@timestamp":"2026-09-08T11:04:51.201513442+05:30","level":"INFO","logger_name":"com.npst.observability.interceptor.LoggingInterceptor","thread_name":"http-nio-8080-exec-2","message":"Request Completed : status=200 duration=6ms traceId=447c222b-7abf-474c-b84a-4bf0b1a1fd11","traceId":"447c222b-7abf-474c-b84a-4bf0b1a1fd11"}
{"@timestamp":"2026-09-08T11:04:51.204262456+05:30","level":"INFO","logger_name":"com.npst.observability.interceptor.LoggingInterceptor","thread_name":"http-nio-8081-exec-2","message":"Request Started : method=POST uri = /api/v1/audit traceId=447c222b-7abf-474c-b84a-4bf0b1a1fd11","traceId":"447c222b-7abf-474c-b84a-4bf0b1a1fd11"}
{"@timestamp":"2026-09-08T11:04:51.204735079+05:30","level":"INFO","logger_name":"com.npst.observability.controller.AuditController","thread_name":"http-nio-8081-exec-2","message":"AUDIT_EVENT_RECEIVED","traceId":"447c222b-7abf-474c-b84a-4bf0b1a1fd11"}
{"@timestamp":"2026-09-08T11:04:51.204772088+05:30","level":"INFO","logger_name":"com.npst.observability.controller.AuditController","thread_name":"http-nio-8081-exec-2","message":"traceId=447c222b-7abf-474c-b84a-4bf0b1a1fd11","traceId":"447c222b-7abf-474c-b84a-4bf0b1a1fd11"}
{"@timestamp":"2026-09-08T11:04:51.204792641+05:30","level":"INFO","logger_name":"com.npst.observability.controller.AuditController","thread_name":"http-nio-8081-exec-2","message":"method=GET uri=/api/v1/hello status=200 duration=6ms","traceId":"447c222b-7abf-474c-b84a-4bf0b1a1fd11"}
{"@timestamp":"2026-09-08T11:32:55.794990175+05:30","level":"INFO","logger_name":"org.springframework.boot.web.embedded.tomcat.GracefulShutdown","thread_name":"SpringApplicationShutdownHook","message":"Commencing graceful shutdown. Waiting for active requests to complete"}
{"@timestamp":"2026-09-08T11:32:55.797822773+05:30","level":"INFO","logger_name":"org.springframework.boot.web.embedded.tomcat.GracefulShutdown","thread_name":"tomcat-shutdown","message":"Graceful shutdown complete"}
{"@timestamp":"2026-09-08T11:32:55.797643752+05:30","level":"INFO","logger_name":"org.springframework.boot.web.embedded.tomcat.GracefulShutdown","thread_name":"SpringApplicationShutdownHook","message":"Commencing graceful shutdown. Waiting for active requests to complete"}
{"@timestamp":"2026-09-08T11:32:55.800284929+05:30","level":"INFO","logger_name":"org.springframework.boot.web.embedded.tomcat.GracefulShutdown","thread_name":"tomcat-shutdown","message":"Graceful shutdown complete"}
{"@timestamp":"2026-09-08T13:43:16.691909138+05:30","level":"INFO","logger_name":"org.hibernate.validator.internal.util.Version","thread_name":"background-preinit","message":"HV000001: Hibernate Validator 8.0.3.Final"}
{"@timestamp":"2026-09-08T13:43:16.72073394+05:30","level":"INFO","logger_name":"com.npst.loggingapi.LoggingApiApplication","thread_name":"main","message":"Starting LoggingApiApplication using Java 21.0.12 with PID 4026195 (/home/priyansh-borkar/Desktop/bank-observability-platform/logging-api/target/classes started by priyansh-borkar in /home/priyansh-borkar/Desktop/bank-observability-platform)"}
{"@timestamp":"2026-09-08T13:43:16.721791451+05:30","level":"INFO","logger_name":"com.npst.loggingapi.LoggingApiApplication","thread_name":"main","message":"No active profile set, falling back to 1 default profile: \"default\""}
{"@timestamp":"2026-09-08T13:43:17.653932467+05:30","level":"INFO","logger_name":"org.springframework.data.repository.config.RepositoryConfigurationDelegate","thread_name":"main","message":"Bootstrapping Spring Data JPA repositories in DEFAULT mode."}
{"@timestamp":"2026-09-08T13:43:17.700297916+05:30","level":"INFO","logger_name":"org.springframework.data.repository.config.RepositoryConfigurationDelegate","thread_name":"main","message":"Finished Spring Data repository scanning in 37 ms. Found 1 JPA repository interface."}
{"@timestamp":"2026-09-08T13:43:18.130021731+05:30","level":"INFO","logger_name":"org.springframework.boot.web.embedded.tomcat.TomcatWebServer","thread_name":"main","message":"Tomcat initialized with port 8090 (http)"}
{"@timestamp":"2026-09-08T13:43:18.143304784+05:30","level":"INFO","logger_name":"org.apache.coyote.http11.Http11NioProtocol","thread_name":"main","message":"Initializing ProtocolHandler [\"http-nio-8090\"]"}
{"@timestamp":"2026-09-08T13:43:18.145762225+05:30","level":"INFO","logger_name":"org.apache.catalina.core.StandardService","thread_name":"main","message":"Starting service [Tomcat]"}
{"@timestamp":"2026-09-08T13:43:18.146133503+05:30","level":"INFO","logger_name":"org.apache.catalina.core.StandardEngine","thread_name":"main","message":"Starting Servlet engine: [Apache Tomcat/10.1.46]"}
{"@timestamp":"2026-09-08T13:43:18.185468735+05:30","level":"INFO","logger_name":"org.apache.catalina.core.ContainerBase.[Tomcat].[localhost].[/]","thread_name":"main","message":"Initializing Spring embedded WebApplicationContext"}
{"@timestamp":"2026-09-08T13:43:18.186323021+05:30","level":"INFO","logger_name":"org.springframework.boot.web.servlet.context.ServletWebServerApplicationContext","thread_name":"main","message":"Root WebApplicationContext: initialization completed in 1413 ms"}
{"@timestamp":"2026-09-08T13:43:18.447610634+05:30","level":"INFO","logger_name":"org.hibernate.jpa.internal.util.LogHelper","thread_name":"main","message":"HHH000204: Processing PersistenceUnitInfo [name: default]"}
{"@timestamp":"2026-09-08T13:43:18.497944714+05:30","level":"INFO","logger_name":"org.hibernate.Version","thread_name":"main","message":"HHH000412: Hibernate ORM core version 6.6.29.Final"}
{"@timestamp":"2026-09-08T13:43:18.530298085+05:30","level":"INFO","logger_name":"org.hibernate.cache.internal.RegionFactoryInitiator","thread_name":"main","message":"HHH000026: Second-level cache disabled"}
{"@timestamp":"2026-09-08T13:43:18.788845295+05:30","level":"INFO","logger_name":"org.springframework.orm.jpa.persistenceunit.SpringPersistenceUnitInfo","thread_name":"main","message":"No LoadTimeWeaver setup: ignoring JPA class transformer"}
{"@timestamp":"2026-09-08T13:43:18.810758458+05:30","level":"INFO","logger_name":"com.zaxxer.hikari.HikariDataSource","thread_name":"main","message":"HikariPool-1 - Starting..."}
{"@timestamp":"2026-09-08T13:43:19.166699902+05:30","level":"INFO","logger_name":"com.zaxxer.hikari.pool.HikariPool","thread_name":"main","message":"HikariPool-1 - Added connection com.mysql.cj.jdbc.ConnectionImpl@15fe020d"}
{"@timestamp":"2026-09-08T13:43:19.168837693+05:30","level":"INFO","logger_name":"com.zaxxer.hikari.HikariDataSource","thread_name":"main","message":"HikariPool-1 - Start completed."}
{"@timestamp":"2026-09-08T13:43:19.241676413+05:30","level":"INFO","logger_name":"org.hibernate.orm.connections.pooling","thread_name":"main","message":"HHH10001005: Database info:\n\tDatabase JDBC URL [Connecting through datasource 'HikariDataSource (HikariPool-1)']\n\tDatabase driver: undefined/unknown\n\tDatabase version: 8.4.11\n\tAutocommit mode: undefined/unknown\n\tIsolation level: undefined/unknown\n\tMinimum pool size: undefined/unknown\n\tMaximum pool size: undefined/unknown"}
{"@timestamp":"2026-09-08T13:43:19.941784098+05:30","level":"INFO","logger_name":"org.hibernate.engine.transaction.jta.platform.internal.JtaPlatformInitiator","thread_name":"main","message":"HHH000489: No JTA platform available (set 'hibernate.transaction.jta.platform' to enable JTA platform integration)"}
{"@timestamp":"2026-09-08T13:43:20.013168444+05:30","level":"INFO","logger_name":"org.springframework.orm.jpa.LocalContainerEntityManagerFactoryBean","thread_name":"main","message":"Initialized JPA EntityManagerFactory for persistence unit 'default'"}
{"@timestamp":"2026-09-08T13:43:20.227417598+05:30","level":"WARN","logger_name":"org.springframework.boot.autoconfigure.orm.jpa.JpaBaseConfiguration$JpaWebConfiguration","thread_name":"main","message":"spring.jpa.open-in-view is enabled by default. Therefore, database queries may be performed during view rendering. Explicitly configure spring.jpa.open-in-view to disable this warning"}
{"@timestamp":"2026-09-08T13:43:20.563810645+05:30","level":"INFO","logger_name":"org.springframework.boot.actuate.endpoint.web.EndpointLinksResolver","thread_name":"main","message":"Exposing 1 endpoint beneath base path '/actuator'"}
{"@timestamp":"2026-09-08T13:43:20.632680162+05:30","level":"INFO","logger_name":"org.apache.coyote.http11.Http11NioProtocol","thread_name":"main","message":"Starting ProtocolHandler [\"http-nio-8090\"]"}
{"@timestamp":"2026-09-08T13:43:20.64496001+05:30","level":"INFO","logger_name":"org.springframework.boot.web.embedded.tomcat.TomcatWebServer","thread_name":"main","message":"Tomcat started on port 8090 (http) with context path '/'"}
{"@timestamp":"2026-09-08T13:43:20.658057155+05:30","level":"INFO","logger_name":"com.npst.loggingapi.LoggingApiApplication","thread_name":"main","message":"Started LoggingApiApplication in 4.969 seconds (process running for 5.374)"}
{"@timestamp":"2026-09-08T13:44:30.41363825+05:30","level":"INFO","logger_name":"org.apache.catalina.core.ContainerBase.[Tomcat].[localhost].[/]","thread_name":"http-nio-8090-exec-1","message":"Initializing Spring DispatcherServlet 'dispatcherServlet'"}
{"@timestamp":"2026-09-08T13:44:30.41424452+05:30","level":"INFO","logger_name":"org.springframework.web.servlet.DispatcherServlet","thread_name":"http-nio-8090-exec-1","message":"Initializing Servlet 'dispatcherServlet'"}
{"@timestamp":"2026-09-08T13:44:30.415608267+05:30","level":"INFO","logger_name":"org.springframework.web.servlet.DispatcherServlet","thread_name":"http-nio-8090-exec-1","message":"Completed initialization in 1 ms"}
{"@timestamp":"2026-09-08T13:53:49.518180665+05:30","level":"WARN","logger_name":"com.zaxxer.hikari.pool.PoolBase","thread_name":"HikariPool-1:housekeeper","message":"HikariPool-1 - Failed to validate connection com.mysql.cj.jdbc.ConnectionImpl@3f5b08f0 (No operations allowed after connection closed.). Possibly consider using a shorter maxLifetime value."}
{"@timestamp":"2026-09-08T13:54:08.338744837+05:30","level":"WARN","logger_name":"com.zaxxer.hikari.pool.PoolBase","thread_name":"HikariPool-1:housekeeper","message":"HikariPool-1 - Failed to validate connection com.mysql.cj.jdbc.ConnectionImpl@3d2c109d (No operations allowed after connection closed.). Possibly consider using a shorter maxLifetime value."}
{"@timestamp":"2026-09-08T13:54:12.089283625+05:30","level":"WARN","logger_name":"com.zaxxer.hikari.pool.PoolBase","thread_name":"HikariPool-1:housekeeper","message":"HikariPool-1 - Failed to validate connection com.mysql.cj.jdbc.ConnectionImpl@275eac5e (No operations allowed after connection closed.). Possibly consider using a shorter maxLifetime value."}
{"@timestamp":"2026-09-08T13:54:26.90801363+05:30","level":"WARN","logger_name":"com.zaxxer.hikari.pool.PoolBase","thread_name":"HikariPool-1:housekeeper","message":"HikariPool-1 - Failed to validate connection com.mysql.cj.jdbc.ConnectionImpl@6b33a382 (No operations allowed after connection closed.). Possibly consider using a shorter maxLifetime value."}
{"@timestamp":"2026-09-08T13:54:30.559359583+05:30","level":"WARN","logger_name":"com.zaxxer.hikari.pool.PoolBase","thread_name":"HikariPool-1:housekeeper","message":"HikariPool-1 - Failed to validate connection com.mysql.cj.jdbc.ConnectionImpl@15fe020d (No operations allowed after connection closed.). Possibly consider using a shorter maxLifetime value."}
{"@timestamp":"2026-09-08T13:54:32.402876364+05:30","level":"WARN","logger_name":"com.zaxxer.hikari.pool.PoolBase","thread_name":"HikariPool-1:housekeeper","message":"HikariPool-1 - Failed to validate connection com.mysql.cj.jdbc.ConnectionImpl@50edb69a (No operations allowed after connection closed.). Possibly consider using a shorter maxLifetime value."}
{"@timestamp":"2026-09-08T13:54:38.66171359+05:30","level":"WARN","logger_name":"com.zaxxer.hikari.pool.PoolBase","thread_name":"HikariPool-1:housekeeper","message":"HikariPool-1 - Failed to validate connection com.mysql.cj.jdbc.ConnectionImpl@203dc85 (No operations allowed after connection closed.). Possibly consider using a shorter maxLifetime value."}
{"@timestamp":"2026-09-08T13:54:44.875495122+05:30","level":"INFO","logger_name":"org.springframework.boot.web.embedded.tomcat.GracefulShutdown","thread_name":"SpringApplicationShutdownHook","message":"Commencing graceful shutdown. Waiting for active requests to complete"}
{"@timestamp":"2026-09-08T13:54:44.877981998+05:30","level":"INFO","logger_name":"org.springframework.boot.web.embedded.tomcat.GracefulShutdown","thread_name":"tomcat-shutdown","message":"Graceful shutdown complete"}
{"@timestamp":"2026-09-08T13:54:44.881553639+05:30","level":"INFO","logger_name":"org.springframework.orm.jpa.LocalContainerEntityManagerFactoryBean","thread_name":"SpringApplicationShutdownHook","message":"Closing JPA EntityManagerFactory for persistence unit 'default'"}
{"@timestamp":"2026-09-08T13:54:44.882677359+05:30","level":"INFO","logger_name":"com.zaxxer.hikari.HikariDataSource","thread_name":"SpringApplicationShutdownHook","message":"HikariPool-1 - Shutdown initiated..."}
{"@timestamp":"2026-09-08T13:54:44.886159103+05:30","level":"INFO","logger_name":"com.zaxxer.hikari.HikariDataSource","thread_name":"SpringApplicationShutdownHook","message":"HikariPool-1 - Shutdown completed."}
{"@timestamp":"2026-09-08T13:54:48.009449123+05:30","level":"INFO","logger_name":"org.hibernate.validator.internal.util.Version","thread_name":"background-preinit","message":"HV000001: Hibernate Validator 8.0.3.Final"}
{"@timestamp":"2026-09-08T13:54:48.063930185+05:30","level":"INFO","logger_name":"com.npst.loggingapi.LoggingApiApplication","thread_name":"main","message":"Starting LoggingApiApplication using Java 21.0.12 with PID 4115752 (/home/priyansh-borkar/Desktop/bank-observability-platform/logging-api/target/classes started by priyansh-borkar in /home/priyansh-borkar/Desktop/bank-observability-platform)"}
{"@timestamp":"2026-09-08T13:54:48.065549974+05:30","level":"INFO","logger_name":"com.npst.loggingapi.LoggingApiApplication","thread_name":"main","message":"No active profile set, falling back to 1 default profile: \"default\""}
{"@timestamp":"2026-09-08T13:54:48.897852982+05:30","level":"INFO","logger_name":"org.springframework.data.repository.config.RepositoryConfigurationDelegate","thread_name":"main","message":"Bootstrapping Spring Data JPA repositories in DEFAULT mode."}
{"@timestamp":"2026-09-08T13:54:48.942259942+05:30","level":"INFO","logger_name":"org.springframework.data.repository.config.RepositoryConfigurationDelegate","thread_name":"main","message":"Finished Spring Data repository scanning in 36 ms. Found 1 JPA repository interface."}
{"@timestamp":"2026-09-08T13:54:49.332810095+05:30","level":"INFO","logger_name":"org.springframework.boot.web.embedded.tomcat.TomcatWebServer","thread_name":"main","message":"Tomcat initialized with port 8090 (http)"}
{"@timestamp":"2026-09-08T13:54:49.342696848+05:30","level":"INFO","logger_name":"org.apache.coyote.http11.Http11NioProtocol","thread_name":"main","message":"Initializing ProtocolHandler [\"http-nio-8090\"]"}
{"@timestamp":"2026-09-08T13:54:49.344211512+05:30","level":"INFO","logger_name":"org.apache.catalina.core.StandardService","thread_name":"main","message":"Starting service [Tomcat]"}
{"@timestamp":"2026-09-08T13:54:49.344445352+05:30","level":"INFO","logger_name":"org.apache.catalina.core.StandardEngine","thread_name":"main","message":"Starting Servlet engine: [Apache Tomcat/10.1.46]"}
{"@timestamp":"2026-09-08T13:54:49.38504439+05:30","level":"INFO","logger_name":"org.apache.catalina.core.ContainerBase.[Tomcat].[localhost].[/]","thread_name":"main","message":"Initializing Spring embedded WebApplicationContext"}
{"@timestamp":"2026-09-08T13:54:49.386369021+05:30","level":"INFO","logger_name":"org.springframework.boot.web.servlet.context.ServletWebServerApplicationContext","thread_name":"main","message":"Root WebApplicationContext: initialization completed in 1268 ms"}
{"@timestamp":"2026-09-08T13:54:49.607213562+05:30","level":"INFO","logger_name":"org.hibernate.jpa.internal.util.LogHelper","thread_name":"main","message":"HHH000204: Processing PersistenceUnitInfo [name: default]"}
{"@timestamp":"2026-09-08T13:54:49.644021567+05:30","level":"INFO","logger_name":"org.hibernate.Version","thread_name":"main","message":"HHH000412: Hibernate ORM core version 6.6.29.Final"}
{"@timestamp":"2026-09-08T13:54:49.666976809+05:30","level":"INFO","logger_name":"org.hibernate.cache.internal.RegionFactoryInitiator","thread_name":"main","message":"HHH000026: Second-level cache disabled"}
{"@timestamp":"2026-09-08T13:54:49.876219609+05:30","level":"INFO","logger_name":"org.springframework.orm.jpa.persistenceunit.SpringPersistenceUnitInfo","thread_name":"main","message":"No LoadTimeWeaver setup: ignoring JPA class transformer"}
{"@timestamp":"2026-09-08T13:54:49.898244772+05:30","level":"INFO","logger_name":"com.zaxxer.hikari.HikariDataSource","thread_name":"main","message":"HikariPool-1 - Starting..."}
{"@timestamp":"2026-09-08T13:54:50.225822835+05:30","level":"INFO","logger_name":"com.zaxxer.hikari.pool.HikariPool","thread_name":"main","message":"HikariPool-1 - Added connection com.mysql.cj.jdbc.ConnectionImpl@33089426"}
{"@timestamp":"2026-09-08T13:54:50.227344784+05:30","level":"INFO","logger_name":"com.zaxxer.hikari.HikariDataSource","thread_name":"main","message":"HikariPool-1 - Start completed."}
{"@timestamp":"2026-09-08T13:54:50.31432791+05:30","level":"INFO","logger_name":"org.hibernate.orm.connections.pooling","thread_name":"main","message":"HHH10001005: Database info:\n\tDatabase JDBC URL [Connecting through datasource 'HikariDataSource (HikariPool-1)']\n\tDatabase driver: undefined/unknown\n\tDatabase version: 8.4.11\n\tAutocommit mode: undefined/unknown\n\tIsolation level: undefined/unknown\n\tMinimum pool size: undefined/unknown\n\tMaximum pool size: undefined/unknown"}
{"@timestamp":"2026-09-08T13:54:51.005010972+05:30","level":"INFO","logger_name":"org.hibernate.engine.transaction.jta.platform.internal.JtaPlatformInitiator","thread_name":"main","message":"HHH000489: No JTA platform available (set 'hibernate.transaction.jta.platform' to enable JTA platform integration)"}
{"@timestamp":"2026-09-08T13:54:51.061838885+05:30","level":"INFO","logger_name":"org.springframework.orm.jpa.LocalContainerEntityManagerFactoryBean","thread_name":"main","message":"Initialized JPA EntityManagerFactory for persistence unit 'default'"}
{"@timestamp":"2026-09-08T13:54:51.255804479+05:30","level":"WARN","logger_name":"org.springframework.boot.autoconfigure.orm.jpa.JpaBaseConfiguration$JpaWebConfiguration","thread_name":"main","message":"spring.jpa.open-in-view is enabled by default. Therefore, database queries may be performed during view rendering. Explicitly configure spring.jpa.open-in-view to disable this warning"}
{"@timestamp":"2026-09-08T13:54:51.592889952+05:30","level":"INFO","logger_name":"org.springframework.boot.actuate.endpoint.web.EndpointLinksResolver","thread_name":"main","message":"Exposing 1 endpoint beneath base path '/actuator'"}
{"@timestamp":"2026-09-08T13:54:51.638275417+05:30","level":"INFO","logger_name":"org.apache.coyote.http11.Http11NioProtocol","thread_name":"main","message":"Starting ProtocolHandler [\"http-nio-8090\"]"}
{"@timestamp":"2026-09-08T13:54:51.647723081+05:30","level":"INFO","logger_name":"org.springframework.boot.web.embedded.tomcat.TomcatWebServer","thread_name":"main","message":"Tomcat started on port 8090 (http) with context path '/'"}
{"@timestamp":"2026-09-08T13:54:51.66076743+05:30","level":"INFO","logger_name":"com.npst.loggingapi.LoggingApiApplication","thread_name":"main","message":"Started LoggingApiApplication in 4.392 seconds (process running for 4.775)"}
{"@timestamp":"2026-09-08T13:55:05.722739897+05:30","level":"INFO","logger_name":"com.npst.observability.Main","thread_name":"main","message":"Starting Main using Java 21.0.12 with PID 4118143 (/home/priyansh-borkar/Desktop/bank-observability-platform/sample-bank-app/target/classes started by priyansh-borkar in /home/priyansh-borkar/Desktop/bank-observability-platform)"}
{"@timestamp":"2026-09-08T13:55:05.732776085+05:30","level":"INFO","logger_name":"com.npst.observability.Main","thread_name":"main","message":"No active profile set, falling back to 1 default profile: \"default\""}
{"@timestamp":"2026-09-08T13:55:06.236934033+05:30","level":"WARN","logger_name":"org.springframework.boot.web.servlet.context.AnnotationConfigServletWebServerApplicationContext","thread_name":"main","message":"Exception encountered during context initialization - cancelling refresh attempt: org.springframework.beans.factory.support.BeanDefinitionOverrideException: Invalid bean definition with name 'restTemplate' defined in class path resource [com/npst/observability/config/ObservabilityAutoConfiguration.class]: Cannot register bean definition [Root bean: class=null; scope=; abstract=false; lazyInit=null; autowireMode=3; dependencyCheck=0; autowireCandidate=true; primary=false; fallback=false; factoryBeanName=com.npst.observability.config.ObservabilityAutoConfiguration; factoryMethodName=restTemplate; initMethodNames=null; destroyMethodNames=[(inferred)]; defined in class path resource [com/npst/observability/config/ObservabilityAutoConfiguration.class]] for bean 'restTemplate' since there is already [Root bean: class=null; scope=; abstract=false; lazyInit=null; autowireMode=3; dependencyCheck=0; autowireCandidate=true; primary=false; fallback=false; factoryBeanName=restTemplateConfig; factoryMethodName=restTemplate; initMethodNames=null; destroyMethodNames=[(inferred)]; defined in class path resource [com/npst/observability/config/RestTemplateConfig.class]] bound."}
{"@timestamp":"2026-09-08T13:55:06.246140445+05:30","level":"INFO","logger_name":"org.springframework.boot.autoconfigure.logging.ConditionEvaluationReportLogger","thread_name":"main","message":"\n\nError starting ApplicationContext. To display the condition evaluation report re-run your application with 'debug' enabled."}
{"@timestamp":"2026-09-08T13:55:06.262278094+05:30","level":"ERROR","logger_name":"org.springframework.boot.diagnostics.LoggingFailureAnalysisReporter","thread_name":"main","message":"\n\n***************************\nAPPLICATION FAILED TO START\n***************************\n\nDescription:\n\nThe bean 'restTemplate', defined in class path resource [com/npst/observability/config/ObservabilityAutoConfiguration.class], could not be registered. A bean with that name has already been defined in class path resource [com/npst/observability/config/RestTemplateConfig.class] and overriding is disabled.\n\nAction:\n\nConsider renaming one of the beans or enabling overriding by setting spring.main.allow-bean-definition-overriding=true\n"}
{"@timestamp":"2026-09-08T13:57:17.323584465+05:30","level":"INFO","logger_name":"com.npst.observability.Main","thread_name":"main","message":"Starting Main using Java 21.0.12 with PID 4134627 (/home/priyansh-borkar/Desktop/bank-observability-platform/sample-bank-app/target/classes started by priyansh-borkar in /home/priyansh-borkar/Desktop/bank-observability-platform)"}
{"@timestamp":"2026-09-08T13:57:17.333398823+05:30","level":"INFO","logger_name":"com.npst.observability.Main","thread_name":"main","message":"No active profile set, falling back to 1 default profile: \"default\""}
{"@timestamp":"2026-09-08T13:57:18.257473979+05:30","level":"INFO","logger_name":"org.springframework.boot.web.embedded.tomcat.TomcatWebServer","thread_name":"main","message":"Tomcat initialized with port 8080 (http)"}
{"@timestamp":"2026-09-08T13:57:18.267604543+05:30","level":"INFO","logger_name":"org.apache.coyote.http11.Http11NioProtocol","thread_name":"main","message":"Initializing ProtocolHandler [\"http-nio-8080\"]"}
{"@timestamp":"2026-09-08T13:57:18.269120659+05:30","level":"INFO","logger_name":"org.apache.catalina.core.StandardService","thread_name":"main","message":"Starting service [Tomcat]"}
{"@timestamp":"2026-09-08T13:57:18.269322506+05:30","level":"INFO","logger_name":"org.apache.catalina.core.StandardEngine","thread_name":"main","message":"Starting Servlet engine: [Apache Tomcat/10.1.46]"}
{"@timestamp":"2026-09-08T13:57:18.298717749+05:30","level":"INFO","logger_name":"org.apache.catalina.core.ContainerBase.[Tomcat].[localhost].[/]","thread_name":"main","message":"Initializing Spring embedded WebApplicationContext"}
{"@timestamp":"2026-09-08T13:57:18.299462025+05:30","level":"INFO","logger_name":"org.springframework.boot.web.servlet.context.ServletWebServerApplicationContext","thread_name":"main","message":"Root WebApplicationContext: initialization completed in 903 ms"}
{"@timestamp":"2026-09-08T13:57:18.745129431+05:30","level":"INFO","logger_name":"org.springframework.boot.actuate.endpoint.web.EndpointLinksResolver","thread_name":"main","message":"Exposing 4 endpoints beneath base path '/actuator'"}
{"@timestamp":"2026-09-08T13:57:18.77489696+05:30","level":"INFO","logger_name":"org.apache.coyote.http11.Http11NioProtocol","thread_name":"main","message":"Starting ProtocolHandler [\"http-nio-8080\"]"}
{"@timestamp":"2026-09-08T13:57:18.783429155+05:30","level":"INFO","logger_name":"org.springframework.boot.web.embedded.tomcat.TomcatWebServer","thread_name":"main","message":"Tomcat started on port 8080 (http) with context path '/'"}
{"@timestamp":"2026-09-08T13:57:18.793641224+05:30","level":"INFO","logger_name":"com.npst.observability.Main","thread_name":"main","message":"Started Main in 2.121 seconds (process running for 2.35)"}
{"@timestamp":"2026-09-08T13:57:19.876208603+05:30","level":"INFO","logger_name":"org.apache.catalina.core.ContainerBase.[Tomcat].[localhost].[/]","thread_name":"http-nio-8080-exec-1","message":"Initializing Spring DispatcherServlet 'dispatcherServlet'"}
{"@timestamp":"2026-09-08T13:57:19.876523355+05:30","level":"INFO","logger_name":"org.springframework.web.servlet.DispatcherServlet","thread_name":"http-nio-8080-exec-1","message":"Initializing Servlet 'dispatcherServlet'"}
{"@timestamp":"2026-09-08T13:57:19.877236918+05:30","level":"INFO","logger_name":"org.springframework.web.servlet.DispatcherServlet","thread_name":"http-nio-8080-exec-1","message":"Completed initialization in 1 ms"}
{"@timestamp":"2026-09-08T13:58:09.650939731+05:30","level":"INFO","logger_name":"org.apache.catalina.core.ContainerBase.[Tomcat].[localhost].[/]","thread_name":"http-nio-8090-exec-1","message":"Initializing Spring DispatcherServlet 'dispatcherServlet'"}
{"@timestamp":"2026-09-08T13:58:09.651308029+05:30","level":"INFO","logger_name":"org.springframework.web.servlet.DispatcherServlet","thread_name":"http-nio-8090-exec-1","message":"Initializing Servlet 'dispatcherServlet'"}
{"@timestamp":"2026-09-08T13:58:09.652297159+05:30","level":"INFO","logger_name":"org.springframework.web.servlet.DispatcherServlet","thread_name":"http-nio-8090-exec-1","message":"Completed initialization in 1 ms"}
{"@timestamp":"2026-09-08T13:58:34.528269641+05:30","level":"INFO","logger_name":"com.npst.observability.interceptor.LoggingInterceptor","thread_name":"http-nio-8080-exec-6","message":"Request Started : method=GET uri = /api/v1/hello traceId=aebcbec4-ba0b-4abd-b5ae-949b280d486e","traceId":"aebcbec4-ba0b-4abd-b5ae-949b280d486e"}
{"@timestamp":"2026-09-08T13:58:34.562196035+05:30","level":"INFO","logger_name":"com.npst.observability.logger.CommonLoggerImpl","thread_name":"http-nio-8080-exec-6","message":"{\"timestamp\":\"2026-09-08T08:28:34.532292575Z\",\"traceId\":\"aebcbec4-ba0b-4abd-b5ae-949b280d486e\",\"serviceName\":null,\"eventType\":\"APPLICATION\",\"level\":\"INFO\",\"message\":\"Hello endpoint invoked\",\"endpoint\":null,\"method\":null,\"metadata\":{\"module\":\"HELLO\",\"version\":\"1.0\"}}","traceId":"aebcbec4-ba0b-4abd-b5ae-949b280d486e"}
{"@timestamp":"2026-09-08T13:58:34.635598209+05:30","level":"WARN","logger_name":"org.springframework.web.servlet.mvc.support.DefaultHandlerExceptionResolver","thread_name":"http-nio-8090-exec-3","message":"Resolved [org.springframework.web.bind.MethodArgumentNotValidException: Validation failed for argument [0] in public com.npst.loggingapi.dto.LogResponseDto com.npst.loggingapi.controller.LoggingController.ingest(com.npst.loggingapi.dto.LogRequestDto) with 3 errors: [Field error in object 'logRequestDto' on field 'bankCode': rejected value [null]; codes [NotBlank.logRequestDto.bankCode,NotBlank.bankCode,NotBlank.java.lang.String,NotBlank]; arguments [org.springframework.context.support.DefaultMessageSourceResolvable: codes [logRequestDto.bankCode,bankCode]; arguments []; default message [bankCode]]; default message [must not be blank]] [Field error in object 'logRequestDto' on field 'environment': rejected value [null]; codes [NotBlank.logRequestDto.environment,NotBlank.environment,NotBlank.java.lang.String,NotBlank]; arguments [org.springframework.context.support.DefaultMessageSourceResolvable: codes [logRequestDto.environment,environment]; arguments []; default message [environment]]; default message [must not be blank]] [Field error in object 'logRequestDto' on field 'service': rejected value [null]; codes [NotBlank.logRequestDto.service,NotBlank.service,NotBlank.java.lang.String,NotBlank]; arguments [org.springframework.context.support.DefaultMessageSourceResolvable: codes [logRequestDto.service,service]; arguments []; default message [service]]; default message [must not be blank]] ]","traceId":"aebcbec4-ba0b-4abd-b5ae-949b280d486e"}
{"@timestamp":"2026-09-08T13:58:34.643429387+05:30","level":"INFO","logger_name":"com.npst.observability.logger.CommonLoggerImpl","thread_name":"http-nio-8080-exec-6","message":"{\"timestamp\":\"2026-09-08T08:28:34.641645409Z\",\"traceId\":\"aebcbec4-ba0b-4abd-b5ae-949b280d486e\",\"serviceName\":null,\"eventType\":\"AUDIT\",\"level\":null,\"message\":null,\"endpoint\":null,\"method\":null,\"metadata\":null,\"actorId\":\"SYSTEM\",\"actorType\":\"SERVICE\",\"action\":\"VIEW_CUSTOMER\",\"entity\":\"HELLO_API\",\"entityId\":\"HELLO-001\",\"description\":\"Hello endpoint invoked\",\"bankCode\":null,\"environment\":null}","traceId":"aebcbec4-ba0b-4abd-b5ae-949b280d486e"}
{"@timestamp":"2026-09-08T13:58:34.648386592+05:30","level":"WARN","logger_name":"org.springframework.web.servlet.mvc.support.DefaultHandlerExceptionResolver","thread_name":"http-nio-8090-exec-4","message":"Resolved [org.springframework.web.bind.MethodArgumentNotValidException: Validation failed for argument [0] in public com.npst.loggingapi.dto.LogResponseDto com.npst.loggingapi.controller.LoggingController.ingest(com.npst.loggingapi.dto.LogRequestDto) with 5 errors: [Field error in object 'logRequestDto' on field 'bankCode': rejected value [null]; codes [NotBlank.logRequestDto.bankCode,NotBlank.bankCode,NotBlank.java.lang.String,NotBlank]; arguments [org.springframework.context.support.DefaultMessageSourceResolvable: codes [logRequestDto.bankCode,bankCode]; arguments []; default message [bankCode]]; default message [must not be blank]] [Field error in object 'logRequestDto' on field 'environment': rejected value [null]; codes [NotBlank.logRequestDto.environment,NotBlank.environment,NotBlank.java.lang.String,NotBlank]; arguments [org.springframework.context.support.DefaultMessageSourceResolvable: codes [logRequestDto.environment,environment]; arguments []; default message [environment]]; default message [must not be blank]] [Field error in object 'logRequestDto' on field 'level': rejected value [null]; codes [NotBlank.logRequestDto.level,NotBlank.level,NotBlank.java.lang.String,NotBlank]; arguments [org.springframework.context.support.DefaultMessageSourceResolvable: codes [logRequestDto.level,level]; arguments []; default message [level]]; default message [must not be blank]] [Field error in object 'logRequestDto' on field 'message': rejected value [null]; codes [NotBlank.logRequestDto.message,NotBlank.message,NotBlank.java.lang.String,NotBlank]; arguments [org.springframework.context.support.DefaultMessageSourceResolvable: codes [logRequestDto.message,message]; arguments []; default message [message]]; default message [must not be blank]] [Field error in object 'logRequestDto' on field 'service': rejected value [null]; codes [NotBlank.logRequestDto.service,NotBlank.service,NotBlank.java.lang.String,NotBlank]; arguments [org.springframework.context.support.DefaultMessageSourceResolvable: codes [logRequestDto.service,service]; arguments []; default message [service]]; default message [must not be blank]] ]","traceId":"aebcbec4-ba0b-4abd-b5ae-949b280d486e"}
{"@timestamp":"2026-09-08T13:58:34.652222187+05:30","level":"INFO","logger_name":"com.npst.observability.interceptor.LoggingInterceptor","thread_name":"http-nio-8080-exec-6","message":"Request Completed : status=200 duration=124ms traceId=aebcbec4-ba0b-4abd-b5ae-949b280d486e","traceId":"aebcbec4-ba0b-4abd-b5ae-949b280d486e"}
{"@timestamp":"2026-09-08T14:53:22.059393052+05:30","level":"INFO","logger_name":"org.springframework.boot.web.embedded.tomcat.GracefulShutdown","thread_name":"SpringApplicationShutdownHook","message":"Commencing graceful shutdown. Waiting for active requests to complete"}
{"@timestamp":"2026-09-08T14:53:22.060127985+05:30","level":"INFO","logger_name":"org.springframework.boot.web.embedded.tomcat.GracefulShutdown","thread_name":"SpringApplicationShutdownHook","message":"Commencing graceful shutdown. Waiting for active requests to complete"}
{"@timestamp":"2026-09-08T14:53:22.064993668+05:30","level":"INFO","logger_name":"org.springframework.boot.web.embedded.tomcat.GracefulShutdown","thread_name":"tomcat-shutdown","message":"Graceful shutdown complete"}
{"@timestamp":"2026-09-08T14:53:22.065007785+05:30","level":"INFO","logger_name":"org.springframework.boot.web.embedded.tomcat.GracefulShutdown","thread_name":"tomcat-shutdown","message":"Graceful shutdown complete"}
{"@timestamp":"2026-09-08T14:53:22.067995677+05:30","level":"INFO","logger_name":"org.springframework.orm.jpa.LocalContainerEntityManagerFactoryBean","thread_name":"SpringApplicationShutdownHook","message":"Closing JPA EntityManagerFactory for persistence unit 'default'"}
{"@timestamp":"2026-09-08T14:53:22.069506241+05:30","level":"INFO","logger_name":"com.zaxxer.hikari.HikariDataSource","thread_name":"SpringApplicationShutdownHook","message":"HikariPool-1 - Shutdown initiated..."}
{"@timestamp":"2026-09-08T14:53:22.072255006+05:30","level":"INFO","logger_name":"com.zaxxer.hikari.HikariDataSource","thread_name":"SpringApplicationShutdownHook","message":"HikariPool-1 - Shutdown completed."}
